active_collision_pair,frame_idx,frame_root_angular_budget_usage,frame_root_z_budget_usage,frame_velocity_budget_usage_max,left_anchor_error_xy,left_contact_confidence,left_contact_phase,left_contact_slack,left_elbow_branch_sign,left_foot_vxy,left_heel_height,left_liftoff_probability,left_load_phase,left_lock_weight,left_swing_clearance_error,left_toe_height,max_joint_delta,max_joint_velocity_ratio,min_self_collision_distance,qp_resolve_count,qp_status,right_anchor_error_xy,right_contact_confidence,right_contact_phase,right_contact_slack,right_elbow_branch_sign,right_foot_vxy,right_heel_height,right_liftoff_probability,right_load_phase,right_lock_weight,right_swing_clearance_error,right_toe_height,root_ddz,root_dz,root_z,safety_backtracked,solver_mode,stage_a_high_priority_error,stage_a_iterations,stage_b_detail_error,stage_b_high_priority_error,stage_b_iterations,stage_b_rejected,stage_c_iterations,stage_c_triggered
v3_pelvis_proxy:v3_left_hand_proxy,0,1.0,1.0000000000000009,1.0,0.0,0.20592569075318762,AIR,0.0,-1,0.0,0.08749557665217882,0.0032981165402801564,UNLOADED,0.04104930476528919,0.0,0.11893485124618113,0.1884955592153876,1.0,0.042606182538354465,0,ok,0.0,0.18566092984326843,AIR,0.0,1,0.0,0.11088978601520531,0.004129430865449472,UNLOADED,0.03697885117381312,0.0,0.08558035909289408,0.0,-0.0050000000000000044,0.745,0,staged_v3,0.5932047458268691,2,1.1382236943318331,0.5832427063222404,2,0,0,0
v3_pelvis_proxy:v3_left_hand_proxy,1,0.9999999999999999,1.0000000000000009,1.0,0.0,0.3521837496653979,AIR,0.0,-1,0.00938138120083816,0.08827680481534597,0.006154229116507015,UNLOADED,0.10284270984800065,0.0,0.12545251908187127,0.1884955592153876,1.0,0.04462861838238859,0,ok,0.0,0.3188352679152302,AIR,0.0,1,0.007362114756048521,0.10488651784637026,0.007235472785738733,UNLOADED,0.09288874974126965,0.0,0.08979087373102096,0.0,-0.0050000000000000044,0.74,0,staged_v3,0.5016436324084287,2,1.0911882719760992,0.49783861178318634,2,0,0,0
v3_torso_proxy:v3_left_forearm_proxy,2,0.9999999999999996,1.0000000000000009,0.9999999999999999,0.0,0.46041419452971344,FLAT,0.0,-1,0.009596586688551486,0.0878599290363849,0.00866420695418173,UNLOADED,0.17355918201113354,0.0,0.1169473389428867,0.18849555921538758,0.9999999999999999,0.04992872660859966,0,ok,0.0,0.406203076345807,FLAT,0.0,-1,0.020423076812374576,0.08894990529673277,0.009832385685129487,UNLOADED,0.1547528259995535,0.0,0.09142462490015435,0.0,-0.0050000000000000044,0.735,0,staged_v3,0.42246186125114543,2,1.004328740465747,0.42171944834228475,2,0,0,0
v3_torso_proxy:v3_left_forearm_proxy,3,1.0000000000000002,1.0000000000000009,0.5097319108467431,0.0,0.5517332165763367,FLAT,0.0,-1,0.0050303100684083064,0.0846748908819751,0.011044276491136686,UNLOADED,0.24797529008553154,0.0,0.10673987015926945,0.09608220158498493,0.5097319108467431,0.05294617532838192,0,ok,0.0,0.48104741137598084,FLAT,0.0,-1,0.008774644470966667,0.07718940414311044,0.011629815640100374,UNLOADED,0.21889284453314894,0.0,0.08971062850654124,0.0,-0.0050000000000000044,0.73,0,staged_v3,0.34924050171617504,2,0.9147271941744687,0.3497420470758984,2,0,0,0
v3_torso_proxy:v3_left_forearm_proxy,4,0.9999999999999999,1.0000000000000009,0.3477284004152112,0.0,0.6060464410141585,FLAT,0.0,-1,0.01942043490888994,0.0787548537755057,0.012750542382075548,UNLOADED,0.31804403610492554,0.0,0.09869470077876914,0.06554525929133745,0.3477284004152112,0.05834299459044574,0,ok,0.0,0.5303914973785158,FLAT,0.0,-1,0.021332639161530744,0.06915225710808533,0.01280309416678388,UNLOADED,0.2798344446449826,0.0,0.08677326062429781,0.0,-0.0050000000000000044,0.725,0,staged_v3,0.27855749899698856,2,0.8426727641131976,0.2791163220784079,2,0,0,0
v3_torso_proxy:v3_right_forearm_proxy,5,1.000000000000001,1.0000000000000009,0.5638365724756493,0.026237625770053657,0.6563262986571863,FLAT,0.0,-1,0.015610722484705547,0.0724852321811021,0.014018333198870882,SUPPORT,0.3838603684670261,0.0,0.09325863464900375,0.10628069003488494,0.5638365724756493,0.059682976042067196,0,ok,0.0,0.5712358520094436,FLAT,0.0,-1,0.020419436263221253,0.0621834332041115,0.012423418176307634,SUPPORT,0.33669538574451224,0.0,0.08279014410149027,0.0,-0.0050000000000000044,0.72,0,staged_v3,0.2103247844075611,2,0.7789090212898224,0.20852863635768734,2,0,0,0
v3_torso_proxy:v3_right_forearm_proxy,6,0.7527254895814708,1.0000000000000009,0.6609167192316666,0.04816391418572722,0.711417968505866,FLAT,0.0,-1,0.0027782642345856126,0.06560587721350093,0.0440571684734692,SUPPORT,0.41036375968068944,0.0,0.08894811378648189,0.12457986658637232,0.6609167192316666,0.05744983653277372,0,ok,0.014223559056667527,0.6285525607332535,FLAT,0.0,-1,0.002623186350316261,0.05672532693252587,0.039936330587353526,SUPPORT,0.39004640417086633,0.0,0.0783486598759327,0.0,-0.0050000000000000044,0.715,0,staged_v3,0.16747365001258277,2,0.7447634340769942,0.15431356879547858,2,0,0,0
v3_torso_proxy:v3_right_forearm_proxy,7,0.46255090548535205,1.0000000000000009,0.5741246433196041,0.06368706931054965,0.7504268403123036,FLAT,0.0,-1,0.0063663507407373835,0.05895387233527066,0.06653941597910838,SUPPORT,0.4182910077445516,0.0,0.08432437343877151,0.10821994570186372,0.5741246433196041,0.05627081425718741,0,ok,0.03503164620954622,0.6563887102230858,FLAT,0.0,-1,0.012268140678484097,0.05330883806965363,0.05922538865798688,SUPPORT,0.42593926869774984,0.0,0.07412887634348643,0.0,-0.0050000000000000044,0.71,0,staged_v3,0.12875105627148753,2,0.7846368198357941,0.11874659438205917,2,0,0,0
v3_torso_proxy:v3_right_forearm_proxy,8,0.32898481116038025,1.0000000000000009,0.4075302094238132,0.08146981745329485,0.776063421181625,FLAT,0.0,-1,0.010145407950553428,0.05298741450460308,0.08369049980050439,SUPPORT,0.42463280619564125,0.0,0.07991588895918204,0.07681763472250569,0.4075302094238132,0.056386396315113066,0,ok,0.05694870351336046,0.6779947739455936,FLAT,0.0,-1,0.011469788369484684,0.050975797648847965,0.07304660271707172,SUPPORT,0.43075141495819985,0.0,0.07091485499683614,0.0,-0.0050000000000000044,0.705,0,staged_v3,0.09956632262104581,2,0.8191801015675847,0.09618616941611055,2,0,0,0
v3_torso_proxy:v3_right_forearm_proxy,9,0.20359415755147514,1.0000000000000009,0.32499156161608705,0.10207239378182403,0.7943676626706754,FLAT,0.0,-1,0.011840103351288224,0.045394796782043126,0.09684264618819076,UNLOADING,0.3639709767391211,0.0,0.07354370855088045,0.06125946614710642,0.32499156161608705,0.05776015897891289,0,ok,0.0782217145390914,0.6924439282772421,FLAT,0.0,-1,0.015965702770783928,0.050011423933725596,0.08304711577635239,SUPPORT,0.43460113196655986,0.0,0.06935534646600497,0.0,-0.0050000000000000044,0.7,0,staged_v3,0.09268200464961351,2,0.8458845791635554,0.09091673155909655,2,0,0,0
v3_torso_proxy:v3_right_forearm_proxy,10,0.08825228414345268,1.0000000000000009,0.23920658849008536,0.11982234815587117,0.8146774612230123,FLAT,0.0,-1,0.0039610443097674135,0.03944006805764713,0.10704713155435108,UNLOADING,0.3119751229192467,0.0,0.06794397736268099,0.04508937966544374,0.23920658849008536,0.059263355654481875,0,ok,0.09610019173954727,0.7215896509346689,FLAT,0.0,-1,0.005221085707021217,0.04795051963083792,0.06275875571080632,SUPPORT,0.4376809055732479,0.0,0.06706290386279512,0.0,-0.0050000000000000044,0.695,0,staged_v3,0.08826252672259283,2,0.8634311752449155,0.08745465989041297,2,0,0,0
v3_torso_proxy:v3_right_forearm_proxy,11,0.02432624139440017,1.0000000000000009,0.28195862037235525,0.11998834756981704,0.8295143373307106,FLAT,0.0,-1,0.005998418893846852,0.03419047063026137,0.11488745309689691,UNLOADING,0.26740724821649714,0.0,0.06287046144216718,0.05314794782268628,0.28195862037235525,0.060580512019758836,0,ok,0.0956915247490628,0.7428728225515489,FLAT,0.0,-1,0.006403666827075642,0.04498143555784448,0.04847728305345984,SUPPORT,0.4401447244585983,0.0,0.06397080361655343,0.0,-0.0050000000000000044,0.69,0,staged_v3,0.086357426334678,2,0.8748885693417129,0.08586784939371465,2,0,0,0
v3_torso_proxy:v3_right_forearm_proxy,12,0.03551252246747536,1.0000000000000009,0.3355272186832336,0.11993677923996497,0.8360508461752771,FLAT,0.0,-1,0.011306728925773243,0.03129449236163363,0.12079927004174873,UNLOADING,0.22920621275699754,0.0,0.0598853431944963,0.06324539071767976,0.3355272186832336,0.0614607889600393,0,ok,0.09543413761883114,0.754227256914495,FLAT,0.0,-1,0.010572242378979338,0.0407794754902497,0.038567498618011564,SUPPORT,0.44211577956687864,0.0,0.05965640469169561,0.0,-0.0050000000000000044,0.6849999999999999,0,staged_v3,0.08514114417918293,2,0.8818018824329595,0.0850001016577818,2,0,0,0
v3_torso_proxy:v3_right_forearm_proxy,13,0.08062291637070884,1.0000000000000009,0.3969039318745645,0.11812581496421293,0.8442270027233858,FLAT,0.0,-1,0.007814123756331571,0.03303806941981526,0.12544754689262513,UNLOADING,0.19646246807742646,0.0,0.05924873965683459,0.07481462859348215,0.3969039318745645,0.061871926162959265,0,ok,0.09515902587122443,0.7586424073593864,FLAT,0.0,-1,0.013236415862668126,0.03488764947289462,0.03161237218552265,SUPPORT,0.4436926236535029,0.0,0.05338077066831534,0.0,-0.0050000000000000044,0.6799999999999999,0,staged_v3,0.08480758463507995,2,0.885911724057771,0.08433511467884337,2,0,0,0
v3_torso_proxy:v3_right_forearm_proxy,14,0.04373682572000732,1.0000000000000009,0.48044410995994286,0.11799661507442898,0.8531033701178496,FLAT,0.0,-1,0.00602347288579577,0.029948478092143783,0.12908186631364627,UNLOADING,0.16839640120922267,0.0015056152235385332,0.05697963787649255,0.0905615811786386,0.48044410995994286,0.0628350151881952,0,ok,0.0952544040959185,0.7593487414803414,FLAT,0.0,-1,0.015003308356575196,0.030779073885935683,0.02673879089745162,SUPPORT,0.44495409892280235,0.0,0.04887111074205227,0.0,-0.0050000000000000044,0.6749999999999999,0,staged_v3,0.08469397925291232,2,0.8885718084472003,0.08390295079532142,2,0,0,0
v3_torso_proxy:v3_right_forearm_proxy,15,0.04720022709489108,1.0000000000000009,0.5697544651566724,0.11652057290880201,0.8548558092798476,FLAT,0.0,-1,0.012553532985884146,0.030637919450117977,0.1322607823669525,UNLOADING,0.144339772465048,0.0009751196682296487,0.056802542973507376,0.10739618652517102,0.5697544651566724,0.06388436322936736,0,ok,0.09529168454906572,0.7625385946608183,FLAT,0.0,-1,0.014033124529403553,0.025529158898002734,0.023275132594027047,SUPPORT,0.4459632791382419,0.000634597731698619,0.04317558835245684,0.0,-0.0050000000000000044,0.6699999999999999,0,staged_v3,0.08497086194280361,2,0.88936019801289,0.08407433315376883,2,0,0,0
v3_torso_proxy:v3_right_forearm_proxy,16,0.04180703310521376,1.0000000000000009,0.6705913238122763,0.1163703572792418,0.8597553199765542,FLAT,0.0,-1,0.009602165533297008,0.02679881105882572,0.13441489650837288,UNLOADING,0.12371980497004115,0.004921933766592924,0.05336931088797851,0.12640348658698208,0.6705913238122763,0.06542395588330072,0,ok,0.09544091370176465,0.7579493192690137,FLAT,0.0,-1,0.016411415604057972,0.02105300358932821,0.02064110057133882,SUPPORT,0.44677062331059353,0.004979051439238734,0.03826449412523815,0.0,-0.0050000000000000044,0.6649999999999999,0,staged_v3,0.08529886290605113,2,0.8897699715186527,0.08418197325239218,2,0,0,0
v3_torso_proxy:v3_right_forearm_proxy,17,0.03506529320965015,1.0000000000000009,0.7656107599476565,0.11617136264496271,0.8655369049923998,FLAT,0.0,-1,0.006375622639991857,0.023151550782970418,0.13579702034744995,UNLOADING,0.10604554711717813,0.008638300234402083,0.05002304319982792,0.1443142283376514,0.7656107599476565,0.06684937113980342,0,ok,0.09573108932629236,0.7500952469988094,FLAT,0.0,-1,0.022421350500486974,0.01638319315563386,0.018691111635953574,SUPPORT,0.4474164986484748,0.00955136242616382,0.033004396236961525,0.0,-0.0050000000000000044,0.6599999999999999,0,staged_v3,0.0850414584426711,2,0.8899515333893152,0.08701375041818123,2,0,0,0
v3_torso_proxy:v3_right_forearm_proxy,18,0.06123899454415429,1.0000000000000009,0.42222693958621316,0.11624124683440934,0.8669624186175858,FLAT,0.0,-1,0.010234647092659517,0.01841326197069306,0.13627276250592768,UNLOADING,0.09089618324329554,0.013400376154603329,0.0456094102130431,0.07958790309310493,0.42222693958621316,0.06742054963286613,0,ok,0.09562082825190073,0.7399285375114177,FLAT,0.0,-1,0.01985258186524219,0.011710531681727945,0.01683377069894772,SUPPORT,0.44793319891877986,0.014131156853219442,0.02793818670587467,0.0,-0.0050000000000000044,0.6549999999999999,0,staged_v3,0.0850909382021712,2,0.8832363974389925,0.08457922596846383,2,1,0,0
v3_torso_proxy:v3_right_forearm_proxy,19,0.027458341494591757,1.0000000000000009,0.5002031063099898,0.1165927897442823,0.8667420727720778,FLAT,0.0,-1,0.012304157548705019,0.013492307296805374,0.13620610225899507,UNLOADING,0.07791101420853903,0.018317997816144384,0.0410134228140133,0.0942860642451755,0.5002031063099898,0.06821963835915874,0,ok,0.09596580175288626,0.7310207839932722,FLAT,0.0,-1,0.02406983079740234,0.007114566200908955,0.01536809208982836,SUPPORT,0.4483465591350239,0.018653838403582465,0.02263616987459644,0.0,-0.0050000000000000044,0.6499999999999999,0,staged_v3,0.08502872824610383,2,0.8804082857291937,0.08574622352471475,2,1,0,0
v3_torso_proxy:v3_right_forearm_proxy,20,0.05839447328358672,1.0000000000000009,0.50030049462747,0.1169142323832314,0.8602863087011736,FLAT,0.0,-1,0.015233228281245402,0.007699807349561424,0.13555295106858403,UNLOADING,0.06678086932160489,0.02407784020386778,0.035539141279758414,0.09430442151053997,0.50030049462747,0.06896100199673907,0,ok,0.09507087883072249,0.7351942476338157,FLAT,0.0,-1,0.014687254877866648,0.005568812271463834,0.015084407565574554,SUPPORT,0.4486772473080191,0.020185408106814896,0.01954440583446858,0.0,-0.0050000000000000044,0.6449999999999999,0,staged_v3,0.0884290255187848,2,0.8778474552338666,0.08774245268176219,2,1,0,0
v3_torso_proxy:v3_right_forearm_proxy,21,0.7992536569894076,0.8000000000000007,1.0,0.09953358321123762,0.8520156921139509,FLAT,0.0,-1,0.01748971646638472,0.01199909733350283,0.1342372436858309,UNLOADING,0.057240745132804194,0.023761158713447972,0.007950703470843578,0.1884955592153876,1.0,0.07107686454217114,0,ok,0.15928706829210576,0.7393558853657534,FLAT,0.0,-1,0.015334759839084484,0.04802701986908683,0.015422608577249388,SUPPORT,0.4489417978464153,0.0,0.03207723483233103,2.500000000000002,-0.0040000000000000036,0.6409999999999999,0,staged_v3,0.16310586548272243,2,0.8638872316848892,0.15185765293474587,2,1,0,0
v3_torso_proxy:v3_right_forearm_proxy,22,0.9999999999999996,0.6000000000000005,1.0000000000000002,0.2372329742282838,0.8382836105063239,FLAT,0.0,-1,0.021644520109781126,0.036913926627235624,0.13240962030140063,UNLOADING,0.04906349582811788,0.0,0.06321188128850892,0.18849555921538763,1.0000000000000002,0.05067740216888768,0,ok,0.33517440109294616,0.7445980034108097,FLAT,0.0,-1,0.013322356608856287,0.05223792868510373,0.015866402574237985,SUPPORT,0.4491534382771322,0.0,0.1420811338472341,2.500000000000002,-0.0030000000000000027,0.6379999999999999,0,staged_v3,0.3247347637871597,2,0.917468577077124,0.32409230736859096,2,0,0,0
v3_pelvis_proxy:v3_right_hand_proxy,23,0.9352362163204959,0.6000000000000005,0.8723646854087757,0.14221573413351923,0.8331248595059644,FLAT,0.0,-1,0.021525610592470705,0.009159260289018128,0.1305378141965611,UNLOADING,0.04205442499552961,0.02236763042080993,0.04051235371101107,0.16443686921588285,0.8723646854087757,0.0439282153035688,0,ok,0.15283065282317473,0.7497259148364841,FLAT,0.0,-1,0.01346119301550361,0.0031634069930444536,0.01612513412050205,SUPPORT,0.4493227506217058,0.02264284971298065,0.03173775995226218,0.0,-0.0030000000000000027,0.6349999999999999,1,staged_v3,0.40515324005382747,2,0.9042737669817146,0.4046308401785281,2,1,0,0
v3_torso_proxy:v3_right_forearm_proxy,24,0.68011474609375,0.2720458984375007,0.68011474609375,0.19345223929360406,0.8291425971055146,FLAT,0.0,-1,0.021459643149896415,0.023228055174044953,0.12845734952898352,UNLOADING,0.03604664999616824,0.023210884104758946,0.008211983371690233,0.12819860939557276,0.68011474609375,0.052771701898303686,0,ok,0.22851306842308383,0.7543280707843694,FLAT,0.0,-1,0.012585544305934815,0.050240896484819775,0.016124222066640097,SUPPORT,0.4494582004973646,0.0,0.0695021747237919,4.099426269531247,-0.0013602294921875036,0.6336397705078124,1,staged_v3,0.31281893984764636,2,0.9309554847517328,0.31467736417322445,2,1,1,1
v3_pelvis_proxy:v3_right_hand_proxy,25,1.0,0.07204589843750053,1.0000000000000002,0.17666756929314034,0.825912791194285,FLAT,0.0,-1,0.021751342112847467,0.025374357580019227,0.12670053477776605,UNLOADING,0.030897128568144205,0.005960669158869079,0.06382735125720093,0.18849555921538763,1.0000000000000002,0.04599079867540845,0,ok,0.20294911833513418,0.7444923410894465,FLAT,0.0,-1,0.0195642752724412,0.029333757250857552,0.01579020734448025,SUPPORT,0.4495665603978917,0.005083019483487501,0.020706490883736512,2.500000000000002,-0.00036022949218750266,0.6332795410156249,0,staged_v3,0.26590529809656926,2,0.8734579415073269,0.2669781795976373,2,0,0,0
v3_torso_proxy:v3_right_forearm_proxy,26,0.474853515625,0.12795410156249964,0.474853515625,0.0,0.8196993270228595,FLAT,0.0,-1,0.02303937127675106,0.04834554227366629,0.1252786530872465,UNLOADING,0.026483253058409317,0.0,0.03408666350747066,0.08950777897312717,0.474853515625,0.0606604134043979,0,ok,0.2282251107253352,0.7385143929768163,FLAT,0.0,1,0.01906239818696874,0.002058583202553259,0.015277118672759315,SUPPORT,0.4496532483183134,0.02370527273108471,0.024403953754874204,2.500000000000002,0.0006397705078124982,0.6339193115234374,1,staged_v3,0.4488542362523309,2,0.8607204200498708,0.4418022152844425,2,0,1,1
v3_torso_proxy:v3_right_forearm_proxy,27,0.055725097656250076,0.3279541015624998,0.05572509765624999,0.0,0.8104621067256691,FLAT,0.0,-1,0.024651856516273798,0.04994531720479102,0.1243179724378135,SUPPORT,0.1631280226226985,0.0,0.0364802912892849,0.010503933445046928,0.05572509765624999,0.06121344125391505,0,ok,0.20018026435043548,0.7356532575318204,FLAT,0.0,1,0.018448900245589588,0.0017335846693638324,0.01465590065058938,SUPPORT,0.4497225986546507,0.02399921036316564,0.023027320806266304,2.500000000000002,0.0016397705078124991,0.6355590820312499,1,staged_v3,0.18936012157869983,2,0.9030061208739095,0.1865054075884739,2,1,1,1
v3_torso_proxy:v3_right_forearm_proxy,28,0.3203125000000002,0.5279541015625,0.26307069825988993,0.0,0.8095570816888416,FLAT,0.0,-1,0.021677836900230646,0.045761792803466414,0.12385194631455047,SUPPORT,0.27236079039194905,0.0,0.045813681503689856,0.049587658381680444,0.26307069825988993,0.060772146411796416,0,ok,0.1854820006032262,0.7342228341684531,FLAT,0.0,1,0.016428120152784866,0.00116011167184995,0.042858637275118155,UNLOADING,0.38547651313255776,0.02598282019190596,0.026452780535967738,2.500000000000002,0.0026397705078125,0.6381988525390624,1,staged_v3,0.1044442395037032,2,0.8793527472128718,0.10456508012549715,2,1,1,1
v3_torso_proxy:v3_right_forearm_proxy,29,0.9713341794370851,0.3279541015624998,0.5093792164898355,0.08362097447459854,0.8105581287142603,FLAT,0.0,-1,0.020855074073962053,0.001296255288982238,0.09538616020577281,SUPPORT,0.3645370525520853,0.028473052721306406,0.0265676645245777,0.09601572026494753,0.5093792164898355,0.06077202491936673,0,ok,0.1238016854138797,0.7333494720366753,FLAT,0.0,1,0.016015631933177583,0.02592886898881302,0.0634909451922462,UNLOADING,0.3304084398279067,0.0022456782707992937,0.030588768045731032,-2.500000000000002,0.0016397705078124991,0.6398386230468749,0,staged_v3,0.08989814615439456,2,0.9132582215525563,0.08989814615439456,2,1,0,0
v3_torso_proxy:v3_right_forearm_proxy,30,0.13394842469752014,0.12795410156249964,0.15834464608180945,0.07306596214234426,0.8017657006873132,FLAT,0.0,-1,0.02537448765177576,0.0018191065606825855,0.0744696789593286,SUPPORT,0.3816296420416682,0.026904377387283848,0.028759467094139974,0.029847262611953307,0.15834464608180945,0.06077202943023727,0,ok,0.10984701278017196,0.7346289025149542,FLAT,0.0,1,0.016877974868469287,0.02449308726029266,0.07893970090295602,UNLOADING,0.28320723413820575,0.0044538977848551445,0.03213137203934384,-2.500000000000002,0.0006397705078124982,0.6404783935546874,0,staged_v3,0.08627010365631546,2,0.9169613542877377,0.08627010365631546,2,1,0,0
v3_torso_proxy:v3_right_forearm_proxy,31,0.11328887276439437,0.07204589843750053,0.28116317180720285,0.058910249191706086,0.7996061992822201,FLAT,0.0,-1,0.022448503728409615,0.008504861499186115,0.058341409920005596,SUPPORT,0.39530371363333455,0.019412208996814166,0.03250150157467793,0.0529980093005708,0.28116317180720285,0.06077202943496347,0,ok,0.09990492830498346,0.7371371731345678,FLAT,0.0,1,0.017756669953304095,0.021185957499593105,0.09036635594352904,UNLOADING,0.2427490578327478,0.008332360297583347,0.029081555604257948,-2.500000000000002,-0.00036022949218750266,0.6401181640624999,0,staged_v3,0.08559375245389722,2,0.9169590523365063,0.08559375245389722,2,1,0,0
v3_torso_proxy:v3_right_forearm_proxy,32,0.6316348582893697,0.2720458984375007,0.9999913670243072,0.08406030653428771,0.8103113407849779,FLAT,0.0,-1,0.01581928230705036,0.02461261955282269,0.04620218690571158,SUPPORT,0.40624297090666767,0.0026974897924628913,0.04531416349694839,0.1884939319378067,0.9999913670243072,0.06407115156493104,0,ok,0.12860708241335825,0.7446356851741252,FLAT,0.0,1,0.016684885234130704,0.035649051707828755,0.09879730120155028,UNLOADING,0.20807062099949813,0.017126022278481225,0.01281384278159629,-2.500000000000002,-0.0013602294921875036,0.6387579345703124,0,staged_v3,0.1369370319987083,2,0.8659804938919824,0.12286714250279389,2,0,0,0
v3_torso_proxy:v3_right_forearm_proxy,33,0.1452636718749999,0.07204589843750053,0.14333884267985472,0.10463841101080779,0.823464408195167,FLAT,0.0,-1,0.012316025286674748,0.02507766961329357,0.03728670346851865,SUPPORT,0.4149943767253341,0.0017866655601323639,0.049238765027244,0.027018735308225683,0.14333884267985472,0.06522201617194154,0,ok,0.11156365203800905,0.7514052545933685,FLAT,0.0,1,0.014655813068271725,0.020914284003428187,0.10498273076941064,UNLOADING,0.1783462465709984,0.02786996104929661,0.002379175489173925,2.500000000000002,-0.00036022949218750266,0.6383977050781249,1,staged_v3,0.26056974722193493,2,0.9088927368811947,0.26112211377079925,2,1,1,1
v3_torso_proxy:v3_right_forearm_proxy,34,0.02215576171874995,0.12795410156249964,0.01972555676609298,0.13143869608850095,0.8353824963470565,FLAT,0.0,-1,0.011238936000439336,0.02603241906491506,0.030438834768831833,SUPPORT,0.4219955013802673,0.0004895226735265323,0.05075855188264737,0.003718179853459569,0.01972555676609298,0.06526294993835177,0,ok,0.12306676082143242,0.7570309315473811,FLAT,0.0,1,0.014498493923129562,0.019735873768344465,0.10944375427340286,UNLOADING,0.15286821134657005,0.02829879113511711,0.0021733965785530373,2.500000000000002,0.0006397705078124982,0.6390374755859374,1,staged_v3,0.08530111223544583,2,0.8817981680896207,0.0855813719211137,2,1,1,1
v3_torso_proxy:v3_right_forearm_proxy,35,0.7551269531250001,0.3279541015624998,0.6102165592231847,0.11268316413226437,0.8457329084026207,FLAT,0.0,-1,0.008442372812179466,9.561553323471101e-05,0.025431899614818367,SUPPORT,0.4275964011042139,0.02617597944750621,0.02662767335997904,0.11502311157326389,0.6102165592231847,0.06664860423605982,0,ok,0.15232892041285187,0.7616316298138083,FLAT,0.0,1,0.014603549992569747,0.03525844322758076,0.11218013523871362,UNLOADING,0.1310298954399172,0.0,0.03213910554114944,2.500000000000002,0.0016397705078124991,0.6406772460937499,1,staged_v3,0.08527155268257589,2,0.8770457608452024,0.08566635151141233,2,1,1,1
v3_torso_proxy:v3_right_forearm_proxy,36,0.48334904672787804,0.12795410156249964,0.23145718479482347,0.09402275822410656,0.8551166478826626,FLAT,0.0,-1,0.008327059238406301,0.006706850786677498,0.021851451061547827,SUPPORT,0.4320771208833711,0.019385721766399897,0.03412616585164618,0.04362865148231956,0.23145718479482347,0.0666493772240528,0,ok,0.12793754120030149,0.7670869813973737,FLAT,0.0,1,0.01450111185855712,0.022242465836743282,0.11327660861139376,UNLOADING,0.11231133894850046,0.008421364593826409,0.030974275752648793,-2.500000000000002,0.0006397705078124982,0.6413170166015624,0,staged_v3,0.08634870093942834,2,0.8696501415295821,0.08634870093942834,2,1,0,0
v3_torso_proxy:v3_right_forearm_proxy,37,0.45020372489143323,0.07204589843750053,0.5000005117722565,0.07017008441097553,0.8656662489903543,FLAT,0.0,-1,0.00634678519627343,0.028285384736293977,0.019014908178474753,SUPPORT,0.43566169670669685,0.0,0.04774720963795527,0.09424787607449148,0.5000005117722565,0.0663660939074292,0,ok,0.11206697904694335,0.773333783918344,FLAT,0.0,1,0.013225812068933153,0.013328913827724134,0.1130042695692329,UNLOADING,0.09626686195585754,0.017321299650737514,0.02043153567518083,-2.500000000000002,-0.00036022949218750266,0.6409567871093749,0,staged_v3,0.109957501144164,2,0.7942279126794977,0.10837160049549135,2,1,0,0
v3_torso_proxy:v3_right_forearm_proxy,38,0.8457641601562497,0.12795410156249964,0.6626745689805461,0.053337655752340285,0.8719597450337278,FLAT,0.0,-1,0.006163041415524858,0.00011744049572469818,0.016628531349973562,SUPPORT,0.4385293573653575,0.025713986071773984,0.014987632290514872,0.12491121345780398,0.6626745689805461,0.07209067140231555,0,ok,0.053458085718749014,0.7773512842455245,FLAT,0.0,1,0.011800933078337938,0.050946644304572505,0.11196816649614647,UNLOADING,0.08251445310502076,0.00475303766400725,0.025845370660800074,2.500000000000002,0.0006397705078124982,0.6415965576171874,1,staged_v3,0.1395873542058799,2,0.8593473268597256,0.13378451676261827,2,1,1,1
v3_torso_proxy:v3_right_forearm_proxy,39,0.4308460119528541,0.07204589843750053,0.55676539373834,0.07194866620652898,0.8753278094424845,FLAT,0.0,-1,0.006188734926643833,0.010185141463114004,0.014565887690250606,SUPPORT,0.440823485892286,0.015543152921398528,0.037769360696058275,0.10494780424448386,0.55676539373834,0.07178877895017627,0,ok,0.11265699335444712,0.7784225084056959,FLAT,0.0,1,0.012289291647871856,0.012517679330869835,0.11038802746570661,SUPPORT,0.1560115624840166,0.018001722042415496,0.02099857992411469,-2.500000000000002,-0.00036022949218750266,0.6412363281249999,0,staged_v3,0.13771807340727282,2,0.8158268310450727,0.13903742853159898,2,1,0,0
v3_torso_proxy:v3_right_forearm_proxy,40,0.7364729860472257,0.07204589843750053,0.8961959469202015,0.04702660508236906,0.8805954812832963,FLAT,0.0,-1,0.008178769060992727,0.03984395164451812,0.04132634451507204,SUPPORT,0.4426587887138288,0.0,0.046224460503402454,0.16892895618128723,0.8961959469202015,0.06948033610106816,0,ok,0.09289575139415647,0.7872373249122422,FLAT,0.0,1,0.010744383376834206,0.016521055308311855,0.1090790302883073,UNLOADING,0.13372419641487138,0.02111253276667625,0.009341418747739118,0.0,-0.00036022949218750266,0.6408760986328124,0,staged_v3,0.1263327119180763,2,0.7850465959382779,0.12489723580878608,2,1,0,0
v3_torso_proxy:v3_right_forearm_proxy,41,0.11486816406249972,0.12795410156249964,0.10638176382388725,0.08556150873783454,0.8832291219359031,FLAT,0.0,-1,0.008715742377083141,0.0401035577552724,0.03213876732186954,SUPPORT,0.44412703097106304,0.0,0.05029538042774735,0.02005249006230292,0.10638176382388725,0.0695552897057155,0,ok,0.09890230147593299,0.7946040041191693,FLAT,0.0,1,0.01024397032793041,0.010075987288496171,0.10814109282524799,UNLOADING,0.11462073978417547,0.028389866046180455,0.002017188595081946,2.500000000000002,0.0006397705078124982,0.6415158691406249,1,staged_v3,0.2253821030092452,2,0.8040536018250803,0.22713502228467722,2,1,1,1
v3_torso_proxy:v3_right_forearm_proxy,42,0.8250155413501167,0.07204589843750053,0.7223644568047811,0.057234962446206246,0.8873152450548396,FLAT,0.0,-1,0.006395318463436788,0.002497465205922444,0.025555580594626294,SUPPORT,0.4453016247768504,0.023780313823808873,0.030543854204497504,0.1361624922427369,0.7223644568047811,0.06955542801051617,0,ok,0.08976566684450044,0.7985038783424507,FLAT,0.0,1,0.009397096563586834,0.02603900729674674,0.10765453199969463,UNLOADING,0.09824634838643612,0.004343719303237993,0.03159519691860132,-2.500000000000002,-0.00036022949218750266,0.6411556396484374,0,staged_v3,0.08488694833470171,2,0.8022163873400534,0.08488694833470171,2,1,0,0
v3_torso_proxy:v3_right_forearm_proxy,43,0.07983133744947281,0.2720458984375007,0.1802319175854859,0.05657298749307888,0.8860404152419077,FLAT,0.0,-1,0.010701446570270678,0.0036012871115412614,0.020838521181202718,SUPPORT,0.44624129982148036,0.022440638947518878,0.030190719880145246,0.033972916093737815,0.1802319175854859,0.06933760197549042,0,ok,0.09077502034828873,0.8019278454324936,FLAT,0.0,1,0.010725239308007476,0.02593704888100248,0.1076423392451521,UNLOADING,0.08421115575980238,0.0044450680812551276,0.03255399264013484,-2.500000000000002,-0.0013602294921875036,0.6397954101562499,0,staged_v3,0.1156106071710256,2,0.7769287945440425,0.11674270275581343,2,1,0,0
v3_torso_proxy:v3_right_forearm_proxy,44,0.629150390625,0.07204589843750053,0.6291503906250001,0.10393432685155865,0.8826154032296563,FLAT,0.0,-1,0.01120091068428144,0.014339293582262274,0.017458600417647893,SUPPORT,0.4469930398571843,0.0185890762399236,0.007283853780958794,0.11859205471143895,0.6291503906250001,0.07017740314040458,0,ok,0.17291519428245034,0.8009714277382618,FLAT,0.0,1,0.011540486939414257,0.07248375115685429,0.10763590466522431,UNLOADING,0.07218099065125919,0.0,0.08516469012098243,2.500000000000002,-0.00036022949218750266,0.6394351806640624,1,staged_v3,0.23363872581462658,2,0.7885878750395809,0.1368615111559181,2,0,1,1
v3_torso_proxy:v3_right_forearm_proxy,45,1.0000000000000002,0.2720458984375007,1.0000000000000002,0.045160748488809035,0.877862066222473,FLAT,0.0,-1,0.012704319856404378,0.011528455406502984,0.01503678136330239,SUPPORT,0.44759443188574743,0.014223383661662137,0.029631693882785907,0.18849555921538763,1.0000000000000002,0.05549347682659224,0,ok,0.10717178218843634,0.7982170911513822,FLAT,0.0,1,0.011492798435233199,0.0031021908704818,0.10763129408723565,UNLOADING,0.06186942055822216,0.027279373833879985,0.00930580419683789,-2.500000000000002,-0.0013602294921875036,0.6380749511718748,0,staged_v3,0.22157256473312478,2,0.6976470112976592,0.2065211341994597,2,0,0,0
v3_torso_proxy:v3_right_forearm_proxy,46,0.007446289062500116,0.07204589843750053,0.005383932073669329,0.06938288811030154,0.8725929682814559,FLAT,0.0,-1,0.014374057604561634,0.011482485426606778,0.013301472182319633,SUPPORT,0.44807554550859796,0.014182588182509205,0.029282888861840255,0.0010148472870039615,0.005383932073669329,0.05549330112037337,0,ok,0.12713978580715535,0.7990745366525648,FLAT,0.0,1,0.010891968845845344,0.0024946398734590454,0.10884847904085634,UNLOADING,0.053030931907047565,0.027947784078583775,0.008819790108559135,2.500000000000002,-0.00036022949218750266,0.6377147216796873,1,staged_v3,0.25467001691103175,2,0.7032092559787083,0.25467001691103175,2,1,1,1
v3_torso_proxy:v3_right_forearm_proxy,47,1.0,0.12795410156249964,1.0000000000000002,0.08985180579247289,0.8646039665573579,FLAT,0.0,-1,0.017830170452873804,0.03747828711887545,0.011196770917138823,SUPPORT,0.4484604364068784,0.0,0.04613423342841107,0.18849555921538763,1.0000000000000002,0.0669940761623826,0,ok,0.2583419347616217,0.8042585806925292,FLAT,0.0,-1,0.010343311505713652,0.0850041055350455,0.1107719174467652,UNLOADING,0.04545508449175506,0.0,0.08508868483813013,2.500000000000002,0.0006397705078124982,0.6383544921874998,0,staged_v3,0.22248828395803988,2,0.9239633703845993,0.17261816783780692,2,0,1,1
v3_torso_proxy:v3_right_forearm_proxy,48,0.9999999999999996,0.07204589843750053,1.0,0.08344208672742646,0.8649575519095551,FLAT,0.0,-1,0.011119413506157947,0.0027778026689327913,0.01067991693354686,SUPPORT,0.44876834912550273,0.022756193177744553,0.036696811238532565,0.1884955592153876,1.0,0.06700100207844008,0,ok,0.1390822821851849,0.804627024738612,FLAT,0.0,-1,0.010944699038921122,0.02096153487241842,0.11259140884322369,UNLOADING,0.03896150099293291,0.009668035569742765,0.028209001119785394,-2.500000000000002,-0.00036022949218750266,0.6379942626953123,0,staged_v3,0.31579550326997446,2,0.9426877949905544,0.31579550326997446,2,1,0,0
v3_torso_proxy:v3_right_forearm_proxy,49,0.38985023150066,0.2720458984375007,0.9999877792738481,0.053622972361595446,0.8686107994801953,FLAT,0.0,-1,0.007997305895398136,0.02632787550049687,0.010439752488830237,SUPPORT,0.4490146793004022,0.0,0.04783564012030529,0.18849325566277758,0.9999877792738481,0.0640085402091504,0,ok,0.08691978854277578,0.8014330851446625,FLAT,0.0,-1,0.012849278640284343,0.034671648941810206,0.1141866455509147,UNLOADING,0.03339557227965678,0.0009488039538360707,0.029760528323709665,-2.500000000000002,-0.0013602294921875036,0.6366340332031248,0,staged_v3,0.31079214635298436,2,0.9527976815234193,0.2806109981599207,2,0,0,0
v3_torso_proxy:v3_right_forearm_proxy,50,0.54034423828125,0.07204589843750053,0.4636588923013743,0.1446016820571584,0.8720691866236954,FLAT,0.0,-1,0.01079555533077465,0.027617015991824638,0.010545682819506646,SUPPORT,0.4492117434403217,0.0,0.0625030876815049,0.08739764218953472,0.4636588923013743,0.06400603330671348,0,ok,0.0,0.8021495064957662,FLAT,0.0,-1,0.015223038593428445,0.002002810108508079,0.11519014520085272,UNLOADING,0.028624776239705815,0.02875669715153456,0.013907872941680183,2.500000000000002,-0.00036022949218750266,0.6362738037109373,1,staged_v3,0.22142336121251985,2,0.9361644447977236,0.22142336121251985,2,1,1,1
v3_torso_proxy:v3_right_forearm_proxy,51,0.7904372407630679,0.15693517774342247,0.4859891502883205,0.06420013737855806,0.8749248505302526,FLAT,0.0,-1,0.009288589066193498,0.0009408628502723853,0.010621585218175727,SUPPORT,0.4493693947522574,0.024590216410636405,0.025479798444379555,0.09160679665620802,0.4859891502883205,0.06747341098839908,0,ok,0.0,0.7995788909565799,FLAT,0.0,-1,0.01523927961439434,0.014469348050269098,0.11555776743871565,SUPPORT,0.1643360888770673,0.016308540321666686,0.015562636076545806,-1.0611159913240242,-0.0007846758887171124,0.6354891278222202,1,staged_v3,0.1017728495290803,2,0.937959450647657,0.10162777722244501,2,1,0,0
v3_torso_proxy:v3_right_forearm_proxy,52,0.40869140624999994,0.043064822256577706,0.3821681683089349,0.054956295592134,0.874801831585023,FLAT,0.0,-1,0.006697312992362835,0.01648145346435893,0.03917842981412729,SUPPORT,0.4494955158018059,0.010477468026347435,0.020541911538777866,0.07203700259971306,0.3821681683089349,0.06855792484742058,0,ok,0.0,0.792496703446125,FLAT,0.0,-1,0.01459120849387812,0.020441774713710965,0.11540727649607622,SUPPORT,0.27167623455551165,0.029943099533290277,0.0008272642915135376,2.500000000000002,0.00021532411128288853,0.6357044519335031,1,staged_v3,0.12662652017405654,2,0.9122869761477699,0.12209238646657981,2,1,1,1
v3_torso_proxy:v3_right_forearm_proxy,53,1.0000000000000002,0.24306482225657788,0.9999999999999999,0.1131135477461847,0.879675698489619,FLAT,0.0,-1,0.009825816690681263,0.049562299527052774,0.06000964845043236,SUPPORT,0.44959641264144473,0.010578283956502222,0.017422198466019397,0.18849555921538758,0.9999999999999999,0.06855902381123048,0,ok,0.17850070626411593,0.781486233860142,FLAT,0.0,-1,0.021326397728972272,0.05207753656619768,0.11473448986973404,SUPPORT,0.3557055495400051,0.0,0.0663873448036241,2.500000000000002,0.0012153241112828894,0.636919776044786,0,staged_v3,0.2366084138463257,2,0.9504743910746326,0.2366084138463257,2,1,1,1
v3_torso_proxy:v3_right_forearm_proxy,54,0.3939819335937501,0.44306482225657806,0.39398193359375006,0.06805317545275083,0.8760773508432436,FLAT,0.0,-1,0.01175332362210797,0.021026998295466514,0.07518898881243312,UNLOADING,0.3853683536926669,0.007732451145155143,0.022796410056017985,0.07426384489351362,0.39398193359375006,0.06901094280158192,0,ok,0.06361397663049677,0.7696769024061433,FLAT,0.0,-1,0.02534118503187362,0.02636407127585235,0.11425241718662456,UNLOADING,0.3048904710342901,0.02369918664244153,0.0070134342168897,2.500000000000002,0.0022153241112828903,0.6391351001560689,1,staged_v3,0.38295530536085715,2,0.9400481115960736,0.38443880667571484,2,1,1,1
v3_torso_proxy:v3_right_forearm_proxy,55,0.5461896464391683,0.24306482225657788,0.9464683771147114,0.06970686047605468,0.8638857123826608,FLAT,0.0,-1,0.018746902872929475,0.0071449705231736126,0.058432230797682554,UNLOADING,0.34854133730228315,0.020776641016710517,0.03222693981796543,0.17840508602391789,0.9464683771147114,0.06718982729032863,0,ok,0.033226304095204454,0.7622570276223657,FLAT,0.0,-1,0.02138046575514661,0.014295445852840843,0.08574707118606581,UNLOADING,0.2810625214231648,0.01499190770646245,0.026444550518998088,-2.500000000000002,0.0012153241112828894,0.6403504242673518,0,staged_v3,0.18207805203667657,2,0.9231138388198147,0.18249262448817014,2,1,0,0
v3_torso_proxy:v3_right_forearm_proxy,56,0.16801743427211585,0.043064822256577706,0.9138728070009429,0.056214221461032846,0.8565991473063341,FLAT,0.0,-1,0.01966536492801789,0.00920176866564354,0.047040418537372924,UNLOADING,0.3154472104405065,0.01815025226122511,0.03425373445931877,0.1722609658073787,0.9138728070009429,0.059446627969148,0,ok,0.019980429974302123,0.7586223505519759,FLAT,0.0,-1,0.022989553586695643,0.016272538082947322,0.06583534458709077,UNLOADING,0.3159874574361456,0.012019229146407219,0.028507606133122965,-2.500000000000002,0.00021532411128288853,0.6405657483786347,0,staged_v3,0.13507265144399352,2,0.9248847818045333,0.1342842725806436,2,0,0,0
v3_torso_proxy:v3_right_forearm_proxy,57,0.10514145027701033,0.15693517774342247,0.8821374603147095,0.0561358093114495,0.8432367932857372,FLAT,0.0,-1,0.021626891441335384,0.007852932711666157,0.03930059486815169,SUPPORT,0.3423577683524052,0.01911209703174143,0.031929460816095386,0.16627899388686296,0.8821374603147095,0.05825218603318469,0,ok,0.019355362212823954,0.7582588977647434,FLAT,0.0,-1,0.02606773860708561,0.0021293798942009683,0.0517408004953306,SUPPORT,0.3753710276104179,0.025457660130565565,0.01805399155704433,-2.500000000000002,-0.0007846758887171124,0.6397810724899176,0,staged_v3,0.12061317047868332,2,0.9215071618164268,0.09194873550817043,2,0,0,0
v3_torso_proxy:v3_right_forearm_proxy,58,1.0000000000000002,0.043064822256577706,1.0,0.16818226746748743,0.8396595431097826,FLAT,0.0,-1,0.01961238482667438,0.02882030991142777,0.06262906136159141,SUPPORT,0.36388621468192417,0.0,0.05198760113662963,0.1884955592153876,1.0,0.08006739013409651,0,ok,0.15330413290959785,0.760954336978337,FLAT,0.0,-1,0.023925017393711234,0.04926028989799121,0.06978239916551077,SUPPORT,0.4221658200107184,0.0,0.054483129645841955,2.500000000000002,0.00021532411128288853,0.6399963966012004,0,staged_v3,0.17182384221711935,2,0.9196272840470476,0.1400896569433282,2,0,1,1
v3_torso_proxy:v3_right_forearm_proxy,59,0.3987426757812503,0.24306482225657788,0.39874267578125044,0.13824893599324722,0.8390185433386168,FLAT,0.0,-1,0.01890199987740113,0.003759460232690787,0.08016601692593339,UNLOADING,0.3119024697273636,0.025248840613605886,0.04635870877569048,0.07516122365442679,0.39874267578125044,0.07669625560432487,0,ok,0.1598139971569783,0.7661031782866765,FLAT,0.0,-1,0.022296010541714293,0.0763927811674212,0.0826692859166252,UNLOADING,0.36185641715204436,0.0,0.07905302236201167,2.500000000000002,0.0012153241112828894,0.6412117207124833,1,staged_v3,0.3010177240534932,2,0.7301786832681699,0.29147548830981573,2,0,1,1
v3_torso_proxy:v3_right_forearm_proxy,60,0.9999999999999997,0.043064822256577706,1.0000000000000002,0.06754350306652389,0.8250627899682681,FLAT,0.0,-1,0.02253861120061115,0.0023614825288680802,0.06668666099053937,UNLOADING,0.2673975986160245,0.02597285052065889,0.034393339481137854,0.18849555921538763,1.0000000000000002,0.058053482615546104,0,ok,0.04625132884598858,0.776825285168918,FLAT,0.0,-1,0.014375691633059373,0.010066190255485327,0.06368107443246897,UNLOADING,0.3101664434819094,0.018117863466138123,0.03206640027098564,-2.500000000000002,0.00021532411128288853,0.6414270448237662,0,staged_v3,0.16002862197914505,2,0.9406395156537235,0.1586374237101187,2,0,0,0
v3_torso_proxy:v3_right_forearm_proxy,61,0.48229978828657466,0.15693517774342247,1.0000000000000002,0.054116837266932,0.8097061984076049,FLAT,0.0,-1,0.02150203079180104,0.008492397210344269,0.05843541836226154,UNLOADING,0.24675926688918146,0.01942937370776881,0.031247929202403997,0.18849555921538763,1.0000000000000002,0.054530581399406336,0,ok,0.020258169747856297,0.7814393895597259,FLAT,0.0,-1,0.01577347042038974,0.01138637158423193,0.0499983698935721,UNLOADING,0.3112339853025742,0.016113546910446676,0.02785777593701564,-2.500000000000002,-0.0007846758887171124,0.6406423689350491,0,staged_v3,0.19750106832500317,2,0.9300384631702417,0.1788447725012804,2,0,0,0
v3_torso_proxy:v3_right_forearm_proxy,62,1.0,0.043064822256577706,0.4475959287291914,0.0932272306721238,0.7948873644560022,FLAT,0.0,-1,0.01691059577658219,0.0578154676283853,0.05399793850386151,SUPPORT,0.2874074135113452,0.0,0.027847444719232287,0.0843698448883397,0.4475959287291914,0.05452641124532498,0,ok,0.122671916386291,0.7790671716424974,FLAT,0.0,-1,0.018059938466088676,0.03155858967523044,0.04002058757455989,SUPPORT,0.3759200807056833,0.019224009544149368,0.007777019834578628,2.500000000000002,0.00021532411128288853,0.640857693046332,0,staged_v3,0.14709076430178028,2,0.9329962468036703,0.14709076430178028,2,1,1,1
v3_torso_proxy:v3_right_forearm_proxy,63,0.9613739959733628,0.15693517774342247,0.8377716882291103,0.034603784728118384,0.7838955010600278,FLAT,0.0,-1,0.01501666709744728,0.006338377664549169,0.07991599129404166,UNLOADING,0.24634921158115303,0.022657421900152918,0.017244442942664126,0.1579162428675655,0.8377716882291103,0.05600616536417159,0,ok,0.0349684212045013,0.7711283852656363,FLAT,0.0,-1,0.020859620876291195,0.03256747942198979,0.06094297300200579,UNLOADING,0.32221721203344283,0.0,0.03497436044387961,-2.500000000000002,-0.0007846758887171124,0.6400730171576149,0,staged_v3,0.16704003871510087,2,0.9414147468869241,0.16535692859664622,2,1,0,0
v3_torso_proxy:v3_right_forearm_proxy,64,0.29515718640572497,0.35693517774342265,1.0000000000000002,0.05195741880433715,0.7763486933617105,FLAT,0.0,-1,0.012822548947556724,0.005468341543104713,0.07096729618853616,UNLOADING,0.2864313803579501,0.023080023266322098,0.027172935879280206,0.18849555921538763,1.0000000000000002,0.05631719722596133,0,ok,0.020118235714006814,0.7638138768848424,FLAT,0.0,-1,0.016307696936504183,0.010207511993015728,0.04735612870508699,UNLOADING,0.3470072134782415,0.017160294442238624,0.027908397088245305,-2.500000000000002,-0.0017846758887171132,0.6382883412688978,0,staged_v3,0.18714253691218366,2,0.9299240221643655,0.1837943501078771,2,0,0,0
v3_torso_proxy:v3_right_forearm_proxy,65,0.17368138238884412,0.5569351777434228,1.0000000000000002,0.051021581709628415,0.7774159311331668,FLAT,0.0,-1,0.006146829402443713,0.0032967882534868246,0.06515915545180055,UNLOADING,0.28077641485775745,0.024961169519103207,0.025672938569886714,0.18849555921538763,1.0000000000000002,0.05764142250418883,0,ok,0.019703774022379206,0.76923983433881,FLAT,0.0,-1,0.01871081697682239,0.007248179124649062,0.03786157264683958,UNLOADING,0.4035035850532593,0.01964489950769292,0.02555803802623065,-2.500000000000002,-0.002784675888717114,0.6355036653801807,0,staged_v3,0.16938962139632402,2,0.9299684086022542,0.16871846581054048,2,0,0,0
v3_torso_proxy:v3_right_forearm_proxy,66,1.0,0.756935177743423,1.0000000000000002,0.01711629404458094,0.7779619769314075,FLAT,0.0,-1,0.0048341517847730504,0.02720051360215944,0.06116835037320364,SUPPORT,0.31462113188620594,0.014516810316934324,0.013541607201725859,0.18849555921538763,1.0000000000000002,0.053017473113748104,0,ok,0.10167511511659216,0.7706577834477752,FLAT,0.0,-1,0.0167833678851894,0.037286306929812475,0.03122790710875642,SUPPORT,0.45064358939949556,0.0,0.03798368838063792,-2.500000000000002,-0.003784675888717115,0.6317189894914635,0,staged_v3,0.296311279291749,2,0.9366487337934464,0.22023580547110708,2,0,0,0
v3_torso_proxy:v3_right_forearm_proxy,67,0.9999999999999997,0.5569351777434228,1.0,0.09641141719027768,0.7754273050376126,FLAT,0.0,-1,0.006922232884896114,0.019726730299406362,0.0861526417876133,SUPPORT,0.37774929270849533,0.009580901789974304,0.05525272811012982,0.1884955592153876,1.0,0.06948151607155131,0,ok,0.19014184595602246,0.7644894443012171,FLAT,0.0,-1,0.01982550509203557,0.019577160362161047,0.05507560968554635,UNLOADING,0.3862659337709962,0.008176620122116271,0.05759806919194132,2.500000000000002,-0.002784675888717114,0.6289343136027464,0,staged_v3,0.27951670593488553,2,0.9716903119032074,0.27419012290081035,2,0,1,1
v3_torso_proxy:v3_right_forearm_proxy,68,0.21008300781250025,0.35693517774342265,0.21008300781249994,0.18497829685993694,0.7821382235847021,FLAT,0.0,-1,0.0078135954723714,0.019899410314525467,0.07492996157201388,SUPPORT,0.39219943416679626,0.00884708776407523,0.07138935900561405,0.03959971403926782,0.21008300781249994,0.0689665073204207,0,ok,0.18367639498544996,0.768970426216089,FLAT,0.0,-1,0.016393131064889484,0.005064445998762546,0.07239503894115627,UNLOADING,0.33108508608942533,0.02355530594829527,0.03632788255443755,2.500000000000002,-0.0017846758887171132,0.6271496377140293,1,staged_v3,0.32515109237571377,2,0.9728978089588388,0.32656411229115645,2,1,1,1
v3_torso_proxy:v3_right_forearm_proxy,69,0.4321274273973149,0.5569351777434228,0.9999896157754217,0.019411491979319063,0.7954823992401863,FLAT,0.0,-1,0.00491499309880025,0.033541146420741796,0.06598095560725754,SUPPORT,0.403759547333437,0.0,0.03998899552513363,0.1884936018351687,0.9999896157754217,0.08380806942544594,0,ok,0.10114932601495102,0.7778052624674697,FLAT,0.0,-1,0.012859694522846955,0.015649158666153296,0.08502627340519098,UNLOADING,0.2837872166480789,0.01640993070517006,0.01284138296508949,-2.500000000000002,-0.002784675888717114,0.6243649618253122,0,staged_v3,0.25312246317547377,2,0.9460965861705695,0.21052355743574183,2,0,0,0
v3_torso_proxy:v3_right_forearm_proxy,70,0.6469726562499999,0.35693517774342265,0.64697265625,0.08303758205839928,0.7936892422881582,FLAT,0.0,-1,0.012993224140216175,0.0021083360380899684,0.05806189848349996,SUPPORT,0.4516088149914011,0.025794758886085033,0.02178883642627849,0.12195147263690848,0.64697265625,0.08084389257133107,0,ok,0.12548759113265084,0.7721740168697162,FLAT,0.0,-1,0.019768011846112744,0.053565176654867395,0.09413093252384064,UNLOADING,0.24324618569835332,0.0,0.052321712872878956,2.500000000000002,-0.0017846758887171132,0.6225802859365951,1,staged_v3,0.255537037653374,2,0.7084109248749484,0.25630026537832556,2,1,1,1
v3_torso_proxy:v3_right_forearm_proxy,71,0.9999999999999999,0.15693517774342247,0.9998152662584461,0.3588526942010225,0.7897529616849825,FLAT,0.0,-1,0.014543933476889696,0.025842218465740245,0.050432364976603306,SUPPORT,0.4513789842783438,0.0016793997830899209,0.09939635332663702,0.18846073772546745,0.9998152662584461,0.0808423307556904,0,ok,0.27045186036689267,0.7668573186845855,FLAT,0.0,-1,0.018327075041234285,0.025276760436738318,0.10057156270796197,UNLOADING,0.20849673059858856,0.004751817698659781,0.05670923013858371,2.500000000000002,-0.0007846758887171124,0.621795610047878,0,staged_v3,0.19345140240456932,2,0.9515001032177024,0.19345140240456932,2,1,1,1
v3_pelvis_proxy:v3_left_hand_proxy,72,0.3264783965189689,0.043064822256577706,0.93402099609375,0.11534179976124544,0.782264079954244,FLAT,0.0,-1,0.01864538067975271,0.03573388175391794,0.042993744843707576,SUPPORT,0.45118198652429464,0.01289857042488017,0.01425111681730521,0.17605880997760476,0.93402099609375,0.04428034846310207,0,ok,0.15498583085706766,0.7610130339972475,FLAT,0.0,1,0.018598625550689207,0.003687140570631968,0.10528530165992589,UNLOADING,0.17871148337021878,0.02657712451236433,0.012581300302077297,2.500000000000002,0.00021532411128288853,0.6220109341591609,1,staged_v3,0.3055192555092283,2,0.6650310234356374,0.2687641844708376,2,0,0,0
v3_pelvis_proxy:v3_left_hand_proxy,73,0.0778198242187505,0.24306482225657788,0.07015782175783325,0.15675125371946844,0.7728541281785113,FLAT,0.0,-1,0.022876229192214208,0.03433129627332791,0.0359407469900418,SUPPORT,0.45101313130653825,0.006820999754830515,0.019976037594671574,0.013224437845576267,0.07015782175783325,0.04288112360634262,0,ok,0.18052079045233096,0.7513724044253178,FLAT,0.0,1,0.019915181952949123,0.003326433935331893,0.10838938325408093,UNLOADING,0.15318127146018753,0.027093035227372157,0.015533028797708019,2.500000000000002,0.0012153241112828894,0.6232262582704438,1,staged_v3,0.3487963402129516,2,0.7117668971357071,0.34818468561456295,2,1,1,1
v3_pelvis_proxy:v3_left_hand_proxy,74,0.06103515625000007,0.44306482225657806,0.04711368760776516,0.15948049148354784,0.7628471238289577,FLAT,0.0,-1,0.024902794461751487,0.03490596117695709,0.02924680375154755,SUPPORT,0.45086839826274705,0.003593627227323499,0.02286871296025388,0.008880720892324771,0.04711368760776516,0.04304137333094081,0,ok,0.19643998019854822,0.7404338762375949,FLAT,0.0,1,0.020917963991831216,0.002986260769130577,0.11037825183665576,UNLOADING,0.13129823268016075,0.027532651822702214,0.015204694901119708,2.500000000000002,0.0022153241112828903,0.6254415823817266,1,staged_v3,0.21583183264228423,2,0.6979377505712788,0.21583183264228423,2,1,1,1
v3_pelvis_proxy:v3_left_hand_proxy,75,0.08258056640624976,0.6430648222565782,0.05966760346043241,0.16867908354601815,0.7583442654898321,FLAT,0.0,-1,0.02215852051440685,0.036490164892207515,0.025512572364032857,SUPPORT,0.4507443413680689,0.0,0.027447956212298376,0.011247078281316204,0.05966760346043241,0.04325676251171712,0,ok,0.2115174417840996,0.7360842450966357,FLAT,0.0,1,0.017715929837661983,0.0024988358044698645,0.11198483440917781,UNLOADING,0.11254134229728065,0.02810040591598903,0.014584890145442694,2.500000000000002,0.003215324111282891,0.6286569064930095,1,staged_v3,0.21172076032359394,2,0.7094032736467472,0.21172076032359394,2,1,1,1
v3_pelvis_proxy:v3_left_hand_proxy,76,0.10791015625000025,0.8430648222565784,0.07788882676492047,0.21877726911206452,0.7538507429655681,FLAT,0.0,-1,0.021729875220887714,0.0407900266555185,0.02269654748319958,SUPPORT,0.4506380068869162,0.0,0.03907789361113491,0.014681697957684134,0.07788882676492047,0.043296027155404135,0,ok,0.23428504838298103,0.7338068396032684,FLAT,0.0,1,0.017081527607079823,0.0015463092842593973,0.1131654883402767,UNLOADING,0.09646400768338341,0.02911196513275444,0.015386304164724845,2.500000000000002,0.004215324111282892,0.6328722306042924,1,staged_v3,0.2078218019812403,2,0.7235890566976572,0.20176744362020588,2,1,1,1
v3_pelvis_proxy:v3_left_hand_proxy,77,0.9044799804687498,1.0000000000000009,0.7731095188374049,0.2807137383070801,0.7503112699912697,FLAT,0.0,-1,0.022065564054144733,0.0012767667857324196,0.020664106634708215,SUPPORT,0.45054686304592817,0.024756438546002995,0.04154918545791649,0.14572771108799587,0.7731095188374049,0.06739099843800506,0,ok,0.23086439248055637,0.7299704217118841,FLAT,0.0,1,0.020057039140666966,0.011557382574540816,0.11397230314328954,UNLOADING,0.08268343515718578,0.019141232582623662,0.04356143290157813,1.961689721792781,0.0050000000000000044,0.6378722306042924,1,staged_v3,0.20929010533047374,2,0.7039490112507082,0.20907815867876328,2,0,1,1
v3_torso_proxy:v3_right_forearm_proxy,78,0.4508634440605749,0.8000000000000007,0.15843685680859537,0.22274555030319712,0.7435506346459675,FLAT,0.0,-1,0.024247518580627167,0.001725640817423696,0.01920779912987499,SUPPORT,0.4504687397536527,0.024234749139070057,0.034386112305598716,0.029864643924464473,0.15843685680859537,0.06956885263562151,0,ok,0.16537554017331502,0.7281657053974764,FLAT,0.0,1,0.02106554042027284,0.009976328894729741,0.11500102168481813,UNLOADING,0.07087151584901638,0.020773722189511165,0.03464959646025734,-2.500000000000002,0.0040000000000000036,0.6418722306042924,1,staged_v3,0.19967878770889785,2,0.712340992601768,0.20033540038208322,2,0,0,0
v3_torso_proxy:v3_right_forearm_proxy,79,0.3380967183706188,0.6000000000000005,0.31360297075453347,0.1672544838775996,0.7362784580429046,FLAT,0.0,-1,0.024635132951025884,0.011622422157079572,0.0181643092048384,SUPPORT,0.4504017769317023,0.014285793303162351,0.03168142980423909,0.05911276734398263,0.31360297075453347,0.06433275728169931,0,ok,0.11369887524295548,0.7255098755390826,FLAT,0.0,1,0.02294556948403339,0.005944304757295721,0.11570683034018903,UNLOADING,0.06074701358487118,0.024841036759713733,0.026347437528201723,-2.500000000000002,0.0030000000000000027,0.6448722306042924,0,staged_v3,0.19151040674522896,2,0.7355659275849811,0.19210915441561513,2,1,0,0
v3_torso_proxy:v3_right_forearm_proxy,80,0.9898071289062499,0.8000000000000007,0.7123734079310661,0.13896923644950288,0.7399550715996995,FLAT,0.0,-1,0.02098899928323745,0.001932139218382427,0.017416616001281384,SUPPORT,0.4503443802271734,0.023938691581681645,0.0072018793961540345,0.13427922389813773,0.7123734079310661,0.06353510552942214,0,ok,0.09032657285039994,0.7331601120750717,FLAT,0.0,-1,0.015685032747435122,0.06395885560886665,0.11616255022321736,UNLOADING,0.052068868787032443,0.0,0.04995713878896698,2.500000000000002,0.0040000000000000036,0.6488722306042924,1,staged_v3,0.18427156267599873,2,0.8876379491702044,0.15578443704090889,2,0,1,1
v3_torso_proxy:v3_right_forearm_proxy,81,0.5108848187607492,0.6000000000000005,0.45950156768407535,0.17181908398924173,0.7368658428464114,FLAT,0.0,-1,0.023764475472729255,0.005850453033970176,0.017133622304932417,SUPPORT,0.4502951830518629,0.020006228081276445,0.03147597921748251,0.08661400496095706,0.45950156768407535,0.06257215364220618,0,ok,0.12229764859310943,0.7340040977963601,FLAT,0.0,-1,0.01761517349530135,0.027609453639056765,0.11657728287103727,UNLOADING,0.04463045896031352,0.003219410504495101,0.04164546075831736,-2.500000000000002,0.0030000000000000027,0.6518722306042924,0,staged_v3,0.17189667376178266,2,0.8745037581325977,0.17361955989135483,2,1,0,0
v3_torso_proxy:v3_right_forearm_proxy,82,0.2474497576209981,0.40000000000000036,0.25473870335389276,0.15322541907716128,0.7219299245394051,FLAT,0.0,-1,0.03105330419370131,0.0033151060667958145,0.016986951353869982,SUPPORT,0.4502530140444539,0.022534241500897688,0.03294906717484048,0.048017114342494754,0.25473870335389276,0.06029230898932281,0,ok,0.09475906246381981,0.7227486458035477,FLAT,0.0,-1,0.02278402105239216,0.025140436779361484,0.11712059176980462,UNLOADING,0.03825467910884016,0.005715592809128749,0.04400966198182311,-2.500000000000002,0.0020000000000000018,0.6538722306042924,0,staged_v3,0.1729131469733303,2,0.8670815903989482,0.174066752031077,2,1,0,0
v3_pelvis_proxy:v3_right_hand_proxy,83,0.21468445563659694,0.20000000000000018,0.24482938143751165,0.1317687372947269,0.7223430455968713,FLAT,0.0,-1,0.024636684852806484,0.003804858464932747,0.01688185702508211,SUPPORT,0.4502168691809605,0.02203923438632136,0.03328361231853092,0.0461492511664212,0.24482938143751165,0.0554558196246652,0,ok,0.07419285353520808,0.7243677402794628,FLAT,0.0,-1,0.019782788140182278,0.02412071057520925,0.1175627529662721,UNLOADING,0.032789724950434425,0.006757427073104359,0.044303573995360446,-2.500000000000002,0.0010000000000000009,0.6548722306042924,0,staged_v3,0.16844242170415646,2,0.8579733759982532,0.16923031570290362,2,0,0,0
v3_pelvis_proxy:v3_right_hand_proxy,84,0.19118671064807782,0.0,0.44782003155519357,0.11070074438146536,0.7238182203389149,FLAT,0.0,-1,0.021581230309187006,0.003006668235932209,0.016806553647941862,SUPPORT,0.45018588786939473,0.022833659446464885,0.03389731716955592,0.08441208727584873,0.44782003155519357,0.047733834796126806,0,ok,0.057732438892984544,0.7257654575766509,FLAT,0.0,-1,0.01943079364441627,0.01641610873631329,0.11811038530329086,SUPPORT,0.11623177996034756,0.014489410528851256,0.03879390740656534,-2.500000000000002,0.0,0.6548722306042924,0,staged_v3,0.16215156874394612,2,0.8498139689550464,0.16251616551565307,2,0,0,0
v3_pelvis_proxy:v3_right_hand_proxy,85,0.15719602250971765,0.20000000000000018,0.4259512307778229,0.08670406604452073,0.7182727116191377,FLAT,0.0,-1,0.026164282470086113,0.009014611779513248,0.045099465363050005,UNLOADING,0.3858736181737669,0.018240361488639254,0.03745779032522069,0.08028991544394834,0.4259512307778229,0.044866549661588595,0,ok,0.045242129119301866,0.7189608600415972,FLAT,0.0,-1,0.026686381912649867,0.010634646518090561,0.11875967722320953,SUPPORT,0.18298542396827805,0.020303337343069917,0.032532463203112955,-2.500000000000002,-0.0010000000000000009,0.6538722306042924,0,staged_v3,0.1580446280587125,2,0.8471861220927585,0.15909899182002296,2,0,0,0
v3_pelvis_proxy:v3_right_hand_proxy,86,0.15910019137388165,0.40000000000000036,0.2338307940757897,0.06651770637671843,0.7141012328324382,FLAT,0.0,-1,0.026813735466540263,0.009890389943733365,0.06537222247422496,UNLOADING,0.3307488155775145,0.018378221179977883,0.038195315033502375,0.04407606629109412,0.2338307940757897,0.04373227250971887,0,ok,0.03031551700650014,0.7126850682837677,FLAT,0.0,-1,0.02721077377636297,0.007287162471494822,0.09094577135581547,SUPPORT,0.23638833917462243,0.022260126096295952,0.02882931968958262,-2.500000000000002,-0.0020000000000000018,0.6518722306042924,0,staged_v3,0.15518478409536499,2,0.8479035279338328,0.15519503678353658,2,0,0,0
v3_pelvis_proxy:v3_right_hand_proxy,87,0.13801376015407613,0.6000000000000005,0.16700894403832162,0.051168553012025754,0.7067037013308128,FLAT,0.0,-1,0.030454938547076607,0.00796547307288548,0.07989828769603925,UNLOADING,0.2993239405536666,0.021029441311916485,0.03623858444509173,0.03148044430047481,0.16700894403832162,0.043717427959258454,0,ok,0.02135161872821531,0.7060290089186778,FLAT,0.0,-1,0.02870467770444984,0.004102388396806573,0.0710323888201977,SUPPORT,0.27993478141584965,0.024449231044203316,0.025428146691590825,-2.500000000000002,-0.0030000000000000027,0.6488722306042924,0,staged_v3,0.15136456479977214,2,0.8476736820687552,0.15017619303969126,2,0,0,0
v3_pelvis_proxy:v3_right_hand_proxy,88,0.38739013671875,0.40000000000000036,0.3873901367187499,0.05390113615513233,0.7006698936624838,FLAT,0.0,-1,0.03283658329386909,0.03200262841652002,0.0903066682469062,SUPPORT,0.3294591524429333,0.013242431677543992,0.01627290173480132,0.07302132045532622,0.3873901367187499,0.05353096315797293,0,ok,0.07607223144670591,0.6943085346409064,FLAT,0.0,-1,0.03227120281851149,0.007947819483415832,0.056690059026179886,SUPPORT,0.3331020184170577,0.02252955663056651,0.0053049463207424825,2.500000000000002,-0.0020000000000000018,0.6468722306042924,1,staged_v3,0.24308346978720008,2,0.8574431854466597,0.24308346978720008,2,1,1,1
v3_pelvis_proxy:v3_right_hand_proxy,89,0.15600585937500003,0.03120117187500604,0.10134803075778968,0.04487257237047625,0.6970175029867836,FLAT,0.0,-1,0.03323241461605264,0.032031518602153426,0.09724227697292251,SUPPORT,0.35356732195434665,0.013818382055255332,0.016043731793390796,0.01910365373306787,0.10134803075778968,0.055468619934377156,0,ok,0.06492124864053198,0.6800626102698677,FLAT,0.0,-1,0.03493967560239812,0.004373255924115766,0.07400880470906358,SUPPORT,0.3564816147336462,0.024327184311337416,0.005692792084345179,4.609985351562429,-0.0001560058593750302,0.6467162247449174,1,staged_v3,0.24364115945619227,2,0.8432336095529785,0.24364115945619227,2,1,1,1
v3_torso_proxy:v3_right_forearm_proxy,90,1.0,0.16879882812499414,1.0,0.1310936017538798,0.7017646392900536,FLAT,0.0,-1,0.0244372709138005,0.010900699894527965,0.10221185778300199,SUPPORT,0.37285385756347733,0.019209892994622134,0.062095106995397636,0.1884955592153876,1.0,0.06888593476884573,0,ok,0.15652914909948365,0.6774930983918384,FLAT,0.0,-1,0.02877058136966648,0.04411342584769762,0.08631385614812759,SUPPORT,0.37518529178691695,0.0,0.04465226575235447,2.500000000000002,0.0008439941406249707,0.6475602188855424,0,staged_v3,0.24438029323041774,2,0.8529595715387468,0.18873069295795825,2,0,1,1
v3_pelvis_proxy:v3_right_hand_proxy,91,0.7206758364647959,0.03120117187500604,1.0,0.04881625035395967,0.7064790176571021,FLAT,0.0,-1,0.02349108054682056,0.00516707222632543,0.1057727180338506,UNLOADING,0.3195890207686949,0.025121563675367102,0.03385338288659552,0.1884955592153876,1.0,0.06261520808622359,0,ok,0.03827109690581833,0.6730736317425152,FLAT,0.0,-1,0.028678403321480042,0.014741656735318198,0.09585279754675005,UNLOADING,0.32158739296021455,0.015050983142019306,0.026520915982627766,-2.500000000000002,-0.0001560058593750302,0.6474042130261674,0,staged_v3,0.2478361017314366,2,0.8105194943403043,0.24965093364356108,2,1,0,0
v3_pelvis_proxy:v3_right_hand_proxy,92,0.5195328292568689,0.23120117187500622,0.6450927330505789,0.05059738309599454,0.7068656092969272,FLAT,0.0,-1,0.02516379957945389,0.004703850778338664,0.0799773169535402,UNLOADING,0.30974830811465004,0.024295015069338347,0.03243972149716224,0.12159711546215163,0.6450927330505789,0.0596235147619118,0,ok,0.021534326295685656,0.6638406872195386,FLAT,0.0,-1,0.030446046750215634,0.012025500987361742,0.07565041352784921,UNLOADING,0.32558076337929026,0.01675701968903072,0.030615500589095145,-2.500000000000002,-0.001156005859375031,0.6462482071667923,0,staged_v3,0.2159789397792271,2,0.8306648037723894,0.20591561766948513,2,0,0,0
v3_pelvis_proxy:v3_right_hand_proxy,93,0.16092959334565818,0.4312011718750064,0.1741711135231089,0.05042106306824911,0.7050569113855506,FLAT,0.0,-1,0.027523507460256114,0.003586282094698753,0.06149410441068885,UNLOADING,0.2994477116093261,0.02448842312583569,0.030335843177022592,0.03283048144270517,0.1741711135231089,0.06463521280699308,0,ok,0.021235561564835692,0.6624121135822463,FLAT,0.0,-1,0.029489378187936253,0.010457220277286496,0.062098529877057294,UNLOADING,0.3636831742576881,0.01764770621656637,0.03000470680957979,-2.500000000000002,-0.002156005859375032,0.6440922013074173,0,staged_v3,0.12104824010744371,2,0.8435310692349004,0.1183607381327145,2,0,0,0
v3_pelvis_proxy:v3_left_hand_proxy,94,0.7497558593750002,0.23120117187500622,0.7497558593750001,0.09319321241216337,0.7021835761363819,FLAT,0.0,-1,0.029547197514267157,0.041166416445127155,0.04654315943355946,SUPPORT,0.3295581692874609,0.021678535676700444,0.005648622294977531,0.14132564998790415,0.7497558593750001,0.06843299549253712,0,ok,0.19039060969024746,0.6619295539764636,FLAT,0.0,-1,0.03015542242895841,0.046356886518590844,0.0521162437799109,SUPPORT,0.3957218532958023,0.017982228607336156,0.009623583581659389,2.500000000000002,-0.001156005859375031,0.6429361954480423,1,staged_v3,0.17134430079491425,2,0.85315039887861,0.14460279662233078,2,1,1,1
v3_pelvis_proxy:v3_right_hand_proxy,95,1.0000000000000002,0.03120117187500604,1.0,0.10075101182821769,0.7288766572298676,FLAT,0.0,-1,0.012662975073037439,0.008405031105122456,0.06417720817740141,UNLOADING,0.28247843081782364,0.019964964733428375,0.008243895675441697,0.1884955592153876,1.0,0.060772617477609314,0,ok,0.2964066018514835,0.6728480176412983,FLAT,0.0,-1,0.02136629395526806,0.12271183534235561,0.0736084912552544,UNLOADING,0.33919015996783053,0.0,0.03782201756384433,2.500000000000002,-0.0001560058593750302,0.6427801895886672,0,staged_v3,0.2707633997028887,2,0.8141866503063662,0.2721580153494264,2,1,1,1
v3_torso_proxy:v3_left_forearm_proxy,96,0.8606438485651956,0.03120117187500604,1.0,0.19644718757719076,0.7478903251568423,FLAT,0.0,-1,0.014456273455554981,0.10792360036615883,0.04846568729192748,UNLOADING,0.24387742449830926,0.0,0.028135623223878605,0.1884955592153876,1.0,0.07258098155910556,0,ok,0.10333945384768246,0.6809019756597996,FLAT,0.0,-1,0.02132441485575342,0.007208170869931687,0.06049430398683972,UNLOADING,0.2907344228295691,0.020816544329410297,0.01766334323034014,0.0,-0.0001560058593750302,0.6426241837292922,0,staged_v3,0.4338837382128864,2,0.8527250299459826,0.43548937077108196,2,1,0,0
v3_pelvis_proxy:v3_right_hand_proxy,97,0.7040900619319191,0.16879882812499414,0.99200439453125,0.036514634371339304,0.7591773313764462,FLAT,0.0,-1,0.017502520032307813,0.0034924396032616255,0.03708094426896366,UNLOADING,0.20903781307166205,0.02336160761018656,0.007683033565136365,0.18698842309128996,0.99200439453125,0.05753873899181075,0,ok,0.24307662448327808,0.6888563288707761,FLAT,0.0,-1,0.02052034999494671,0.10766807381067314,0.05115744916637204,UNLOADING,0.2505043558173128,0.0015767259869047222,0.02598114647141388,2.500000000000002,0.0008439941406249707,0.6434681778699172,1,staged_v3,0.5164502758244439,2,0.826408995663515,0.515029557414981,2,0,0,0
v3_pelvis_proxy:v3_right_hand_proxy,98,1.0,0.03120117187500604,0.8518386960392467,0.0033011738255273675,0.7707522469184351,FLAT,0.0,-1,0.016086118143433418,0.0037216524392316335,0.02942437345952635,SUPPORT,0.25723025045732967,0.022749566233744686,0.01701969201181086,0.1605678113712244,0.8518386960392467,0.06235271835211992,0,ok,0.050137032095075654,0.6996865432088031,FLAT,0.0,-1,0.01541736472860343,0.013242692007857625,0.043689546656454484,SUPPORT,0.29040348465385024,0.013941785324965102,0.018571285020139307,-2.500000000000002,-0.0001560058593750302,0.6433121720105421,0,staged_v3,0.450296683458921,2,0.8585155430689944,0.450296683458921,2,1,0,0
v3_torso_proxy:v3_right_forearm_proxy,99,0.47210693359375,0.16879882812499414,0.47210693359375,0.12444138097433337,0.7806797518017423,FLAT,0.0,-1,0.01660685587945414,0.039769854934824815,0.05228506968556029,SUPPORT,0.35311294922501446,0.02419944622613729,0.0034148072581407273,0.08899006045721576,0.47210693359375,0.07010120338305652,0,ok,0.13984533820951545,0.709080890277733,FLAT,0.0,-1,0.013078834597577834,0.022570712493750214,0.06541180117454086,SUPPORT,0.3223227877230802,0.02044471564178285,0.007825874416944194,2.500000000000002,0.0008439941406249707,0.6441561661511671,1,staged_v3,0.24366887975465606,2,0.8951589010372103,0.24366887975465606,2,1,1,1
v3_torso_proxy:v3_left_forearm_proxy,100,0.9999999999999999,0.03120117187500604,0.9999956273072279,0.043150278007350794,0.7876162561916864,FLAT,0.0,-1,0.013051821444884086,0.004987789728523565,0.06866547431302966,UNLOADING,0.30266824219286953,0.02344548398712792,0.027777510554250654,0.18849473498221825,0.9999956273072279,0.06708800737054971,0,ok,0.01619996557588004,0.7110436516916392,FLAT,0.0,-1,0.015132010662861978,0.020598655229647496,0.0804354405331994,UNLOADING,0.27627667519121163,0.008423116797012475,0.035217628498416406,-2.500000000000002,-0.0001560058593750302,0.6440001602917921,0,staged_v3,0.17722094695215881,2,0.8655410044420304,0.17326279741518877,2,0,0,0
v3_torso_proxy:v3_left_forearm_proxy,101,0.3907313056744734,0.23120117187500622,0.4720386155047773,0.04848838578812692,0.7952067691292641,FLAT,0.0,-1,0.014122473864927694,0.00269546027639802,0.05205567816585818,UNLOADING,0.3137224996636947,0.024907323631894893,0.027529099886034858,0.08897718280083033,0.4720386155047773,0.07019341612958895,0,ok,0.019729330911356525,0.7152717287361205,FLAT,0.0,-1,0.015310934497390828,0.008760217959751137,0.06332318332498271,UNLOADING,0.3416638942562569,0.019405941206498,0.028200651151246946,-2.500000000000002,-0.001156005859375031,0.642844154432417,0,staged_v3,0.230463908257599,2,0.8695401827574708,0.23082129171725024,2,0,0,0
v3_torso_proxy:v3_left_forearm_proxy,102,0.15880253349469847,0.4312011718750064,0.2789574646801466,0.047094665248183704,0.8036619989941072,FLAT,0.0,-1,0.013687298500444922,0.00932998182058889,0.04015423916416193,UNLOADING,0.3119323745254904,0.017677730137619207,0.03114184381765281,0.05258224330219097,0.2789574646801466,0.07293119337168169,0,ok,0.019160570518380705,0.722558771651775,FLAT,0.0,-1,0.015093407039238102,0.004628755982457306,0.05135411831488645,UNLOADING,0.39065549231795005,0.02293894993328702,0.024028598811182175,-2.500000000000002,-0.002156005859375032,0.640688148573042,0,staged_v3,0.12244101725878727,2,0.8724827341962054,0.11898560079985454,2,0,0,0
v3_pelvis_proxy:v3_left_hand_proxy,103,0.171875,0.23120117187500622,0.17187500000000006,0.07188898803073719,0.8009122808124115,FLAT,0.0,-1,0.015378274902534265,0.0009050384408134946,0.032130884928480576,SUPPORT,0.33954589962039233,0.025701505805610536,0.014615173232961097,0.03239767424014475,0.17187500000000006,0.07231282424158077,0,ok,0.06694049359623393,0.7155078899347205,FLAT,0.0,-1,0.021681003850750624,0.0064184152940751325,0.0429024951258589,SUPPORT,0.4307806251440767,0.020726709462217812,0.02150900884553343,2.500000000000002,-0.001156005859375031,0.639532142713667,1,staged_v3,0.20378110591923565,2,0.918312459259776,0.15272223664958362,2,0,1,1
v3_pelvis_proxy:v3_left_hand_proxy,104,0.0001220703125000121,3.808736792620948e-06,0.0001220703125000246,0.07189785423900669,0.7951430038668206,FLAT,0.0,-1,0.016246515047882062,0.0009028745711913951,0.05543310372049701,SUPPORT,0.3616367196963139,0.026868780614833457,0.014615106605007972,2.3009711818289258e-05,0.0001220703125000246,0.07231423609116926,0,ok,0.06693483583007147,0.7024083546143178,FLAT,0.0,-1,0.024810505367966276,0.0064232469032594434,0.06511171760215603,SUPPORT,0.4346245001152614,0.02183233897684836,0.021506883647710567,2.88996703922767,-1.904368396310474e-08,0.639532123669983,1,staged_v3,0.2474136255333419,2,0.8378824558892687,0.2474136255333419,2,1,1,1
v3_torso_proxy:v3_left_forearm_proxy,105,0.13226318359375,0.19999619126320756,0.13226318359375,0.10682210291652354,0.7797940880325427,FLAT,0.0,-1,0.02014131346181911,1.343516975049145e-05,0.07173963263209865,SUPPORT,0.3793093757570511,0.028573546461854442,0.015896682506458804,0.024931022755111387,0.13226318359375,0.07257295735470777,0,ok,0.08279226378733105,0.6890862914064209,FLAT,0.0,-1,0.027349616584190512,0.012708236556004077,0.08047512003219955,SUPPORT,0.4376996000922091,0.016315519445605903,0.020356765842596214,2.500000000000002,0.0009999809563160378,0.6405321046262991,1,staged_v3,0.2487287280986273,2,0.840262717886592,0.2487287280986273,2,1,1,1
v3_torso_proxy:v3_left_forearm_proxy,106,0.3974940608752821,3.808736792620948e-06,0.4212823124748347,0.06516525468634515,0.7795709523162492,FLAT,0.0,-1,0.01677085047758272,0.0015543889780028639,0.08274363757506573,UNLOADING,0.3251223220774724,0.027582792900750424,0.027966338638327804,0.07940984507749563,0.4212823124748347,0.07219072724250689,0,ok,0.04469154156238384,0.6772256261539663,FLAT,0.0,-1,0.025609085633757776,0.007635326843398023,0.09092825175921634,UNLOADING,0.3751710857933221,0.021911085744562797,0.027200892177943636,-2.500000000000002,-1.904368396310474e-08,0.6405320855826151,0,staged_v3,0.13748805914711493,2,0.8833197518642575,0.13823956770140092,2,0,0,0
v3_torso_proxy:v3_left_forearm_proxy,107,0.30755615234375,0.19999619126320756,0.19131735900141136,0.06245714552034809,0.7995001324900617,FLAT,0.0,-1,0.01092384677523037,0.018642710705611028,0.062185091327012575,UNLOADING,0.29827118348011245,0.009466543860739602,0.04293032474375259,0.036062472572582105,0.19131735900141136,0.07379175899197708,0,ok,0.015981649860645628,0.6652489470505629,FLAT,0.0,-1,0.023718950234092838,0.001228536128219518,0.06952060222881967,UNLOADING,0.3613511592609083,0.027247493983221467,0.02112240388150518,2.500000000000002,0.0009999809563160378,0.6415320665389311,1,staged_v3,0.14442816972297012,2,0.8882120185608201,0.1431492246317537,2,0,1,1
v3_torso_proxy:v3_left_forearm_proxy,108,0.00015564334329607742,3.808736792620948e-06,0.0003711217841048366,0.06053082212626148,0.8175862213584482,FLAT,0.0,-1,0.008407893957750915,0.018654892510037713,0.04770348201446165,UNLOADING,0.2790253183018847,0.008730281590685372,0.04293540093214478,6.995480823185352e-05,0.0003711217841048366,0.07379176020223722,0,ok,0.014598825957275121,0.6610308023408662,FLAT,0.0,-1,0.021850739083392193,0.001228294172254959,0.05388088375766494,UNLOADING,0.40201570593154135,0.02646575001562829,0.02112053830711548,-2.500000000000002,-1.904368396310474e-08,0.6415320474952472,1,staged_v3,0.15392941210101535,2,0.8931111049966796,0.15392941210101535,2,1,0,0
v3_pelvis_proxy:v3_left_hand_proxy,109,0.5341796875000002,0.19999619126320756,0.5341796875,0.11962205382735132,0.8324994540177726,FLAT,0.0,-1,0.0078139447703585,0.027989905378277433,0.03755919162289325,SUPPORT,0.31322025464150777,0.02335253848119373,0.0035254210999509346,0.1006904989168135,0.5341796875,0.06881821953575257,0,ok,0.13041939663100965,0.66001977612773,FLAT,0.0,-1,0.020532124867673862,0.026407792413438894,0.04240158160297568,SUPPORT,0.4376896875392678,0.01143498184029849,0.015685097239850294,2.500000000000002,0.0009999809563160378,0.6425320284515632,1,staged_v3,0.19232229922177493,2,0.931016666899649,0.18703673347261018,2,1,1,1
v3_torso_proxy:v3_left_forearm_proxy,110,0.5878010767017786,3.808736792620948e-06,0.5559937495403264,0.04457603699528945,0.8366633727588126,FLAT,0.0,-1,0.012351926072231704,0.005148374873876917,0.057832953796632496,UNLOADING,0.26847450397843525,0.022743272815954712,0.031477811984310815,0.10480235273986399,0.5559937495403264,0.0733047347843235,0,ok,0.021783382970282653,0.6557646159395742,FLAT,0.0,-1,0.02233157729545128,0.011011391099711838,0.06184183597643404,UNLOADING,0.3751625893193724,0.017080700699109864,0.02947280546146472,-2.500000000000002,-1.904368396310474e-08,0.6425320094078792,0,staged_v3,0.16226768723277882,2,0.90675741330043,0.1637466999061534,2,1,0,0
v3_pelvis_proxy:v3_left_hand_proxy,111,0.9999999999999999,0.19999619126320756,0.9061435813919604,0.18854895905599897,0.8452142649879028,FLAT,0.0,-1,0.011204544416099846,0.010687754977640369,0.04303360172905249,UNLOADING,0.2878450828950761,0.01646392510881226,0.026378017655240213,0.17080404110391167,0.9061435813919604,0.0488243490463289,0,ok,0.22355779148923832,0.6571993687154032,FLAT,0.0,-1,0.019976838450967718,0.0674253765001781,0.046659040568589286,UNLOADING,0.4037739252303644,0.0,0.08801945514004213,2.500000000000002,0.0009999809563160378,0.6435319903641953,0,staged_v3,0.20096125320440653,2,0.908717308764516,0.19783849793801303,2,1,1,1
v3_pelvis_proxy:v3_left_hand_proxy,112,1.0,3.808736792620948e-06,0.748190015831584,0.04877415546322991,0.8592646755010919,FLAT,0.0,-1,0.010178273189275987,0.013472002581697545,0.03213612305420345,UNLOADING,0.24672443602689162,0.01313480357101263,0.03964378755604495,0.14103049543354412,0.748190015831584,0.06927763502639153,0,ok,0.023321966159949394,0.6664248174231144,FLAT,0.0,-1,0.01656217335930321,0.008935674663498983,0.035648417113407445,UNLOADING,0.34609193610264083,0.01784674619217139,0.026672752445798236,-2.500000000000002,-1.904368396310474e-08,0.6435319713205113,0,staged_v3,0.23973985693749023,2,0.9201413149868003,0.23973985693749023,2,1,0,0
v3_pelvis_proxy:v3_left_hand_proxy,113,1.0000000000000002,0.19999619126320756,0.7894570450869722,0.2186803247690033,0.8726565363344839,FLAT,0.0,-1,0.008512111427473804,0.021216550553316327,0.02449531800537699,SUPPORT,0.2873795488215133,0.005008215346952522,0.0611797648419751,0.1488091471901963,0.7894570450869722,0.05108913541219748,0,ok,0.19947096534237477,0.6743875074472143,FLAT,0.0,-1,0.015540187063343388,0.019347154218173932,0.028079349154123558,SUPPORT,0.3823323340970294,0.007056813239532247,0.07049149410770132,2.500000000000002,0.0009999809563160378,0.6445319522768274,0,staged_v3,0.2495173638557304,2,0.9169410432322,0.2495173638557304,2,1,1,1
v3_torso_proxy:v3_left_forearm_proxy,114,0.9960018391852049,3.808736792620948e-06,0.9999913316831196,0.05150791058618439,0.8837293856370604,FLAT,0.0,-1,0.009180555434244534,0.008371179043305386,0.04751113982186933,UNLOADING,0.2463253275612971,0.01900437794778808,0.03452072141573288,0.18849392527614978,0.9999913316831196,0.07590589736249954,0,ok,0.01871479703164169,0.6783916551138643,FLAT,0.0,-1,0.015633145439558984,0.022990059654516757,0.05082487320400113,UNLOADING,0.3277134292260252,0.004551184005683301,0.03855840753637407,-2.500000000000002,-1.904368396310474e-08,0.6445319332331434,0,staged_v3,0.25517677058523697,2,0.916824731688047,0.24922504705570853,2,0,0,0
v3_torso_proxy:v3_left_forearm_proxy,115,0.12132671626340197,0.2000038087367928,0.5511619232697869,0.048880903288689846,0.9012049525323427,FLAT,0.0,-1,0.0014218534251994736,0.001453745590514502,0.037183496371559724,UNLOADING,0.2571101941896715,0.025405429228063485,0.030426940920072844,0.10389157494496704,0.5511619232697869,0.0749100335632532,0,ok,0.017785393355629082,0.6894905198124566,FLAT,0.0,-1,0.010907650415491051,0.012060455105561748,0.03984317383995412,UNLOADING,0.37726586567950515,0.01493170358643596,0.02922444097714893,-2.500000000000002,-0.001000019043683964,0.6435319141894594,0,staged_v3,0.22378403017324514,2,0.9144613058735482,0.22550991291142608,2,1,0,0
v3_torso_proxy:v3_right_forearm_proxy,116,0.08138474506179039,0.400003808736793,0.17271336180145488,0.04756400587412747,0.9143453686233611,FLAT,0.0,-1,0.0031804416396194837,0.0011566214205064535,0.030298312593125314,UNLOADING,0.2738760176329433,0.025358294209149815,0.0301533331968517,0.0325557017167348,0.17271336180145488,0.0724912257989318,0,ok,0.018626983302132333,0.703356600144162,FLAT,0.0,-1,0.007004169275847969,0.007079915201655129,0.032550344630228566,UNLOADING,0.4217304469245643,0.019547602029856302,0.02485682525462095,-2.500000000000002,-0.002000019043683965,0.6415318951457755,0,staged_v3,0.17475959347472392,2,0.9121554020229838,0.17294970067470708,2,0,0,0
v3_torso_proxy:v3_right_forearm_proxy,117,0.01416015625,0.0028320851823027127,0.014160144832733909,0.04909670418493831,0.91847328846725,FLAT,0.0,-1,0.007310222953622384,0.0010089726434689842,0.025782011020470647,SUPPORT,0.30910081410635465,0.025280127907554552,0.03004372248806901,0.0026691244188170593,0.014160144832733909,0.07249115115713231,0,ok,0.018109673492810646,0.711401701607881,FLAT,0.0,-1,0.008143316052313622,0.007655419235358514,0.02762319049406904,SUPPORT,0.4578062865193728,0.018725740289344938,0.02465180537351385,4.964646544431128,-1.4160425911513563e-05,0.641517734719864,1,staged_v3,0.2775700816108956,2,0.8843072821382186,0.2775700816108956,2,1,1,1
v3_pelvis_proxy:v3_right_hand_proxy,118,0.8351440429687499,0.19716791481769746,0.83514404296875,0.01953298925020929,0.9230850124838017,FLAT,0.0,-1,0.004930670648661051,0.019760887586796533,0.05123562058231018,SUPPORT,0.3372806512850837,0.02280079126843518,0.004760989760680328,0.15742094340479423,0.83514404296875,0.06354450562478364,0,ok,0.09361787902517245,0.721965072155434,FLAT,0.0,-1,0.0022431035830657127,0.04619056503810618,0.05257786351298742,SUPPORT,0.486227327297069,0.010826718089351452,0.01680217508629792,2.500000000000002,0.0009858395740884873,0.6425035742939524,1,staged_v3,0.2762784727774459,2,0.8891417213339854,0.27749282734996417,2,0,1,1
v3_pelvis_proxy:v3_right_hand_proxy,119,0.5135498046875,0.39716791481769764,0.4576395663488358,0.03010745797550626,0.9201527559723639,FLAT,0.0,-1,0.0050506560021919954,0.0012708471715428661,0.0696064820196864,SUPPORT,0.41681077479076156,0.027209476929441458,0.005407089384067376,0.08626302597801128,0.4576395663488358,0.06644153964264882,0,ok,0.04230605299945083,0.7277827840876179,FLAT,0.0,-1,0.0039039105932461666,0.0333390369824506,0.0706432370503278,UNLOADING,0.41676628054034487,0.0033122839286476094,0.025219877923868782,2.500000000000002,0.001985839574088488,0.6444894138680409,1,staged_v3,0.29962764102153105,2,0.9142967156650585,0.30061682412096496,2,1,1,1
v3_pelvis_proxy:v3_right_hand_proxy,120,0.15612792968750006,0.5971679148176978,0.15612775336654425,0.0506849803022515,0.9271215011425629,FLAT,0.0,-1,0.0021625111268297873,0.0004854847638054655,0.05472760582268943,SUPPORT,0.45541933279393654,0.027250895527329008,0.005113706237133811,0.02942938817986887,0.15612775336654425,0.06266638963059179,0,ok,0.012050475535000585,0.7347524176613294,FLAT,0.0,-1,0.0058897815639888575,0.03632140005820046,0.08340434129660435,UNLOADING,0.4042501547898147,0.0,0.03376855525919841,2.500000000000002,0.002985839574088489,0.6474752534421294,1,staged_v3,0.1741320548809502,2,0.9138135436224948,0.16113244055045264,2,0,1,1
v3_pelvis_proxy:v3_right_hand_proxy,121,0.6049208731613368,0.39716791481769764,0.5962276380528828,0.06451770586061877,0.9225378594391885,FLAT,0.0,-1,0.003500852355549062,0.001907782572118,0.04389214355521644,SUPPORT,0.45464514239480275,0.025286824605642823,0.03366207026856306,0.11238626205444786,0.5962276380528828,0.0528109895562838,0,ok,0.026785950002035333,0.7364755206082415,FLAT,0.0,-1,0.009379572233601618,0.013109027386466302,0.09193210118064954,UNLOADING,0.44960623538604383,0.016487577672566176,0.03069581232346562,-2.500000000000002,0.001985839574088488,0.6494610930162179,0,staged_v3,0.1729912413893413,2,0.9083266029940802,0.17359223062908147,2,0,0,0
v3_torso_proxy:v3_right_forearm_proxy,122,0.10873351509785366,0.19716791481769746,0.23015096167124602,0.05318348609630186,0.891993528150855,FLAT,0.0,-1,0.012194795052754611,0.0030329372272659494,0.03596821477226108,SUPPORT,0.45398155062411666,0.023765473511347106,0.03427982391779327,0.043382434224180755,0.23015096167124602,0.04901131378483496,0,ok,0.01505368096235845,0.7267339528398342,FLAT,0.0,-1,0.015130367524313128,0.007474704158157406,0.0976902113692106,SUPPORT,0.45811348154324866,0.022409806410303126,0.025119517151981772,-2.500000000000002,0.0009858395740884873,0.6504469325903064,0,staged_v3,0.16853541030271296,2,0.9088453251314226,0.1677629694159019,2,0,0,0
v3_torso_proxy:v3_right_forearm_proxy,123,1.0000000000000002,0.39716791481769764,1.0,0.19892759249424108,0.882447186950359,FLAT,0.0,-1,0.00784599900345239,0.04353943377466388,0.05824570893354143,SUPPORT,0.4534127576778143,0.0,0.08291811446496725,0.1884955592153876,1.0,0.04900518023598095,0,ok,0.15469102367447232,0.7183194829702373,FLAT,0.0,-1,0.016688760281699317,0.006054832387963411,0.10179303868370562,SUPPORT,0.4843483041101119,0.024034819546221872,0.054353616405208194,2.500000000000002,0.001985839574088488,0.6524327721643949,0,staged_v3,0.161391249817123,2,0.901371797783418,0.161391249817123,2,1,1,1
v3_torso_proxy:v3_right_forearm_proxy,124,0.9199478423964705,0.19716791481769746,0.8585458628469868,0.055183807245300344,0.878545511838267,FLAT,0.0,-1,0.007251484272762441,0.011332650794835194,0.07375984167874203,UNLOADING,0.3886395065809837,0.01735534128910191,0.03948976554414932,0.16183208252940023,0.8585458628469868,0.048887430578385405,0,ok,0.01993430542271748,0.71082831872477,FLAT,0.0,-1,0.01760912652453249,0.017888592445420334,0.10472288470549534,UNLOADING,0.4151556892372388,0.012347551789854434,0.033362325264872365,-2.500000000000002,0.0009858395740884873,0.6534186117384834,0,staged_v3,0.2210890710364785,2,0.8962967281261043,0.22227109554520166,2,1,0,0
v3_torso_proxy:v3_right_forearm_proxy,125,0.11566788334916991,0.0028320851823027127,0.26798712427340377,0.04838543081736603,0.8631685745860802,FLAT,0.0,-1,0.010201140385282114,0.008761495263514985,0.057259190703438594,UNLOADING,0.36750507604026506,0.019101464271656945,0.038483275797262885,0.05051438285243882,0.26798712427340377,0.05014853110447254,0,ok,0.01785945592145433,0.7089523542815557,FLAT,0.0,-1,0.014985406074160561,0.016282344829999944,0.07846986233419086,UNLOADING,0.4435861361316024,0.012641148286709602,0.03327541555366516,-2.500000000000002,-1.4160425911513563e-05,0.6534044513125719,0,staged_v3,0.21298860938198788,2,0.9049799411911538,0.21143358421151862,2,0,0,0
v3_torso_proxy:v3_right_forearm_proxy,126,0.016026117447339467,0.2028320851823029,0.10233999496430331,0.048495768197969434,0.8548339255730504,FLAT,0.0,-1,0.008269695473933632,0.006985228341697687,0.04486700746304614,UNLOADING,0.36072876618663197,0.02025812203145462,0.036878105679411397,0.019290634580896304,0.10233999496430331,0.05263458123026486,0,ok,0.017897803423556173,0.712316444010907,FLAT,0.0,-1,0.007769527703527332,0.014700766783800116,0.05935603656194825,UNLOADING,0.4728246769330938,0.013267035044297298,0.031841365239241214,-2.500000000000002,-0.0010141604259115145,0.6523902908866603,0,staged_v3,0.17230181697211108,2,0.9088927959829937,0.17127296579932832,2,0,0,0
v3_pelvis_proxy:v3_left_hand_proxy,127,0.9999999999999999,0.0028320851823027127,1.0,0.21065311895536576,0.8493971915181864,FLAT,0.0,-1,0.0055060926400619286,0.04330436698329661,0.03585535093311933,SUPPORT,0.3785830129493056,0.0,0.08405932480386885,0.1884955592153876,1.0,0.04944777641004494,0,ok,0.17909536583531707,0.7039128410837461,FLAT,0.0,-1,0.01960701309105622,0.010887802146391675,0.04468895352415933,SUPPORT,0.4965765442292303,0.01634664552981629,0.06198736229595084,2.500000000000002,-1.4160425911513563e-05,0.6523761304607488,0,staged_v3,0.16099843503583677,2,0.9075237793474682,0.16099843503583677,2,1,1,1
v3_torso_proxy:v3_right_forearm_proxy,128,0.921772165055895,0.2028320851823029,0.7727998900663682,0.05115961536877362,0.850041481870614,FLAT,0.0,-1,0.00974828302160611,0.012722288584130052,0.057905524456734844,UNLOADING,0.32449972538511906,0.015172987638706694,0.04044653443022278,0.14566934743965013,0.7727998900663682,0.05298426618917308,0,ok,0.02898489690335958,0.7146643297470443,FLAT,0.0,-1,0.001823195798229131,0.011773030821523325,0.06252505648104603,UNLOADING,0.42563703791076885,0.016353222002528978,0.029872512438200653,-2.500000000000002,-0.0010141604259115145,0.6513619700348373,0,staged_v3,0.21756586066544267,2,0.9076523706212322,0.21919747588875696,2,1,0,0
v3_torso_proxy:v3_right_forearm_proxy,129,0.14031825258295536,0.40283208518230307,0.33268853392958897,0.04807205247446366,0.8470518228517818,FLAT,0.0,-1,0.01597426015164005,0.003918037354260024,0.04543264101878743,UNLOADING,0.31868842022192173,0.02335359469667935,0.03399712132719793,0.06271031124760533,0.33268853392958897,0.058297423595759804,0,ok,0.017890378821292525,0.7210105332070185,FLAT,0.0,-1,0.00637955760441654,0.012393572711591982,0.04695831376565203,UNLOADING,0.43871584511002004,0.014954342976690623,0.030968070411870316,-2.500000000000002,-0.0020141604259115153,0.6493478096089258,0,staged_v3,0.19185503090461778,2,0.9082095926464407,0.18940098009013687,2,0,0,0
v3_torso_proxy:v3_right_forearm_proxy,130,0.22632152833737204,0.6028320851823032,0.9999972703689185,0.0472265733930445,0.8541363244880789,FLAT,0.0,-1,0.00886280923208628,0.029236187834041867,0.036402841012699486,UNLOADING,0.3202644515749892,0.0,0.05104179209860949,0.18849504469205045,0.9999972703689185,0.05918312596788107,0,ok,0.015789911505409385,0.7239429697085082,FLAT,0.0,-1,0.006441625074656483,0.005446214526804713,0.03580425520642578,UNLOADING,0.4738009820541467,0.021343998233516577,0.023792464118551272,-2.500000000000002,-0.0030141604259115162,0.6463336491830143,0,staged_v3,0.16857884238577076,2,0.9098011898830065,0.17006966717892882,2,1,0,0
v3_torso_proxy:v3_right_forearm_proxy,131,1.0,0.40283208518230307,0.9218317556573316,0.1553497138594844,0.8511043203716684,FLAT,0.0,-1,0.012514719249513754,0.002664557520616455,0.02976332259082584,SUPPORT,0.34621156125999136,0.02382360860892484,0.05774765176049958,0.17376119228513126,0.9218317556573316,0.059184082761760085,0,ok,0.12425320319056972,0.7230482803000051,FLAT,0.0,-1,0.009037097620558708,0.02876101640025925,0.027812023008766604,SUPPORT,0.5062843986684556,0.0,0.06423703954051307,2.500000000000002,-0.0020141604259115153,0.6443194887571028,0,staged_v3,0.1839259338503087,2,0.9134891943126041,0.1839259338503087,2,1,1,1
v3_pelvis_proxy:v3_left_hand_proxy,132,1.0,0.2028320851823029,1.0,0.2845760293669138,0.8269397582320283,FLAT,0.0,-1,0.021983186716880567,0.03899435509425653,0.05301817457424009,UNLOADING,0.2967527667942783,0.0,0.05101643884104022,0.1884955592153876,1.0,0.03701499823710386,0,ok,0.2956726106250917,0.7297818988669268,FLAT,0.0,-1,0.0032597876899715505,0.09560824296205833,0.050432207340388904,UNLOADING,0.4339580560015334,0.0,0.13949326489422928,2.500000000000002,-0.0010141604259115145,0.6433053283311913,0,staged_v3,0.26548888387091063,2,0.9214309381774649,0.2659529039458877,2,1,1,1
v3_pelvis_proxy:v3_left_hand_proxy,133,0.9985252953153885,0.40283208518230307,0.9559754582749076,0.09473653446088573,0.8231017707678445,FLAT,0.0,-1,0.012863262280014933,0.002927138292504073,0.041088526766918716,UNLOADING,0.25435951439509663,0.024127288045841865,0.033851146481087176,0.18019712860371515,0.9559754582749076,0.05907553657720192,0,ok,0.08366571664912435,0.7259901246917597,FLAT,0.0,-1,0.009319260729537386,0.011451877095257041,0.03829340872232586,UNLOADING,0.37196404800131444,0.015462793340859253,0.03704337054651835,-2.500000000000002,-0.0020141604259115153,0.6412911679052797,0,staged_v3,0.3772757876483744,2,0.9204300028175108,0.37869292735107646,2,1,0,0
v3_pelvis_proxy:v3_left_hand_proxy,134,0.004638671875000159,0.2028320851823029,0.004638671875000051,0.09279170212929531,0.8193613869653263,FLAT,0.0,-1,0.0122426352195202,0.0017172923823704543,0.03232869725416823,UNLOADING,0.2211484210978319,0.02489914248033796,0.03246474498966754,0.0008743690490948253,0.004638671875000051,0.05925072508892708,0,ok,0.07841067675997265,0.7133960719055298,FLAT,0.0,-1,0.015219692206249425,0.010576789585975816,0.02897063529110537,UNLOADING,0.32484427999684323,0.015871742178579454,0.03586530205017881,2.500000000000002,-0.0010141604259115145,0.6402770074793682,1,staged_v3,0.21176967434647634,2,0.9221322862342899,0.21314992057277862,2,1,1,1
v3_pelvis_proxy:v3_right_hand_proxy,135,1.0000000000000002,0.0028320851823027127,1.0,0.13839190383736028,0.814283511557285,FLAT,0.0,-1,0.020372488588891405,0.028044017386612018,0.025925679104010956,SUPPORT,0.2669187368782655,0.0,0.029820594898078825,0.1884955592153876,1.0,0.064713094839871,0,ok,0.0985742514934065,0.7212154589253298,FLAT,0.0,-1,0.0037666253144237284,0.08460742424295965,0.02229057622625045,SUPPORT,0.34987542399747457,0.0006566643153988437,0.02545786449591368,2.500000000000002,-1.4160425911513563e-05,0.6402628470534567,0,staged_v3,0.26823832919510754,2,0.883017107123552,0.24965085126310807,2,0,0,0
v3_pelvis_proxy:v3_right_hand_proxy,136,0.9602140597161004,0.2028320851823029,1.0,0.05910570665902266,0.820657662382347,FLAT,0.0,-1,0.012896443948784343,0.004865599801269553,0.049932134213972204,UNLOADING,0.228787488752799,0.02263100690942906,0.027223709156983383,0.1884955592153876,1.0,0.07499558099260945,0,ok,0.01552222841009451,0.7246680940206998,FLAT,0.0,-1,0.007184386394018113,0.007978333874259093,0.04585097369242071,UNLOADING,0.29989322056926393,0.019314214810361944,0.02127348174735881,-2.500000000000002,-0.0010141604259115145,0.6392486866275452,0,staged_v3,0.41357444332373916,2,0.9125586672662034,0.41357444332373916,2,1,0,0
v3_torso_proxy:v3_right_forearm_proxy,137,0.20916748046874992,0.0028320851823027127,0.20916748046875006,0.0560787071273641,0.8228885399890014,FLAT,0.0,-1,0.016506570318316552,0.012366028007247638,0.038802699939488726,UNLOADING,0.22404026085381043,0.0145741069897268,0.028811004499787154,0.039427141200630705,0.20916748046875006,0.07507751600093857,0,ok,0.03868280069976544,0.7284045674292808,FLAT,0.0,-1,0.004562162980438962,0.002318767822600356,0.03462076009439054,UNLOADING,0.3676305211541663,0.024412270182119174,0.01615070910568201,2.500000000000002,-1.4160425911513563e-05,0.6392345262016337,1,staged_v3,0.3259603860446263,2,0.9286176526006462,0.3259603860446263,2,1,1,1
v3_pelvis_proxy:v3_left_hand_proxy,138,0.9608133647653522,0.19716791481769746,0.9999999466338505,0.14577094990458422,0.8291257205896598,FLAT,0.0,-1,0.014682436656227699,0.04637587554859186,0.030935839405594155,UNLOADING,0.2249085683993192,0.0,0.0686805330376129,0.18849554915610542,0.9999999466338505,0.06760548241038003,0,ok,0.1170968189463495,0.7201978115914778,FLAT,0.0,-1,0.010810428171526814,0.009261676963339089,0.02657396042697039,UNLOADING,0.37116646691519534,0.017067021058009432,0.032608557170058894,2.500000000000002,0.0009858395740884873,0.6402203657757222,0,staged_v3,0.15864365509935294,2,0.9341494205001153,0.16028224640002892,2,1,1,1
v3_pelvis_proxy:v3_right_hand_proxy,139,0.7612476217075207,0.0028320851823027127,1.0,0.0833340825803783,0.8343388855236391,FLAT,0.0,1,0.01209573169839236,0.007111383917522307,0.02529198488953392,SUPPORT,0.2699268547194554,0.019153215326954392,0.029338984948939606,0.1884955592153876,1.0,0.04291786450277216,0,ok,0.01146281233199843,0.7218718110630982,FLAT,0.0,-1,0.004536733905493257,0.02055200151917761,0.021018030597769077,SUPPORT,0.3869331735321563,0.005498900010710843,0.0325372729275607,-2.500000000000002,-1.4160425911513563e-05,0.6402062053498107,0,staged_v3,0.2651816668533637,2,0.9433050524598263,0.26329366718619496,2,0,0,0
v3_torso_proxy:v3_right_forearm_proxy,140,0.6317138671875,0.19716791481769746,0.6317138671875001,0.14978983828107476,0.8272354101196533,FLAT,0.0,1,0.01936702518918084,0.03403801415371026,0.049576234057630134,UNLOADING,0.2313658754738189,0.0,0.0797169206704362,0.11907525865962293,0.6317138671875001,0.06577225539031684,0,ok,0.06723423622558164,0.7295922362943702,FLAT,0.0,-1,0.006193920795375921,0.0016451001871460843,0.046513104411448,SUPPORT,0.441554186928775,0.025680555033426318,0.024460009218319798,2.500000000000002,0.0009858395740884873,0.6411920449238991,1,staged_v3,0.40468927544597955,2,0.9541766298590324,0.4035715869015753,2,0,1,1
v3_torso_proxy:v3_right_forearm_proxy,141,0.7386905493290599,0.0028320851823027127,0.6016913045476511,0.04607378838718172,0.8288699150174346,FLAT,0.0,1,0.01689304676690117,0.0019631211147804308,0.0666402733967092,UNLOADING,0.19831360754898764,0.02636889255505503,0.03229349089128428,0.11341613892574558,0.6016913045476511,0.0657829278728021,0,ok,0.024096951366054373,0.7361861450707441,FLAT,0.0,-1,0.005121525235054236,0.004694048931849372,0.036434254121717774,SUPPORT,0.44324334954302,0.022127663774236517,0.023389531471110742,-2.500000000000002,-1.4160425911513563e-05,0.6411778844979876,0,staged_v3,0.2890881426283523,2,0.952619533601107,0.2890881426283523,2,1,0,0
v3_torso_proxy:v3_right_forearm_proxy,142,0.2976074218750001,0.19716791481769746,0.2976074218749999,0.046892720637964666,0.8306732393497543,FLAT,0.0,1,0.01239190223663053,0.01124581106778821,0.0789447431022579,UNLOADING,0.22411131047057187,0.017701426087324685,0.027516564365096023,0.05609767741297789,0.2976074218749999,0.06578280106552832,0,ok,0.04129997948609357,0.7395255112044584,FLAT,0.0,-1,0.0025450749707794976,0.014489596305819799,0.029283347704428146,SUPPORT,0.4684108922601734,0.0243652615866285,0.0020989057985929096,2.500000000000002,0.0009858395740884873,0.6421637240720761,1,staged_v3,0.25230325514606805,2,0.9763657967068717,0.25230325514606805,2,1,1,1
v3_pelvis_proxy:v3_left_hand_proxy,143,1.0000000000000002,0.39716791481769764,1.0,0.26238247177884183,0.8388665259937758,FLAT,0.0,1,0.008859204248046171,0.023626474006558332,0.0876550343759541,SUPPORT,0.2692890483764575,0.005756277712239376,0.042345261848188716,0.1884955592153876,1.0,0.05372834060253548,0,ok,0.25745735883213067,0.7400906199691678,FLAT,0.0,-1,0.0075597855730673985,0.042217800437167705,0.02438656929959065,SUPPORT,0.46578076479443437,0.0,0.07512890927395903,2.500000000000002,0.001985839574088488,0.6441495636461646,0,staged_v3,0.16736886722116986,2,0.9817568208509311,0.16144533905357908,2,1,1,1
v3_torso_proxy:v3_right_forearm_proxy,144,1.0,0.5971679148176978,1.0,0.31723757990891815,0.8482497017696535,FLAT,0.0,1,0.007250445647971557,0.024813911269829476,0.09381447386022648,UNLOADING,0.23081918432267787,0.004876812423181848,0.09024353928243578,0.1884955592153876,1.0,0.06226097345873273,0,ok,0.19858640053049245,0.7321453475346735,FLAT,0.0,-1,0.012467703766881024,0.10446543527970249,0.04973475698012038,UNLOADING,0.39924065553808663,0.0,0.056476409668551705,2.500000000000002,0.002985839574088489,0.6471354032202531,0,staged_v3,0.3972230338484015,2,0.9817942870237144,0.3951169953047287,2,0,0,0
v3_torso_proxy:v3_right_forearm_proxy,145,0.9997250401424975,0.39716791481769764,1.0,0.09820156300401219,0.8468346557157507,FLAT,0.0,1,0.012968044851948614,0.0017991578477269928,0.06972389529661026,UNLOADING,0.19784501513372388,0.026687036917103522,0.03059458049048458,0.1884955592153876,1.0,0.06070516803179647,0,ok,0.0648602959200161,0.7287436744218139,FLAT,0.0,-1,0.00916363788916718,0.011362484398764531,0.039762744136647786,UNLOADING,0.3422062902691507,0.01562565280806786,0.035149826917406916,-2.500000000000002,0.001985839574088488,0.6491212427943416,0,staged_v3,0.4326340309449311,2,0.9461780098984696,0.43370558894464456,2,1,0,0
v3_torso_proxy:v3_right_forearm_proxy,146,0.6018496628770105,0.19716791481769746,0.6032752982312647,0.04878702141541754,0.8464736694234459,FLAT,0.0,-1,0.012554659307731962,0.0035840942125978667,0.05223287023971991,UNLOADING,0.17200225520033158,0.02402754929938813,0.03379214996672513,0.11371471470093196,0.6032752982312647,0.05802642863102454,0,ok,0.019511108734035023,0.7213757432274573,FLAT,0.0,-1,0.013948319370987122,0.008227238079648046,0.032669779241044104,UNLOADING,0.31184783201348487,0.01840625088240416,0.02794568421532294,-2.500000000000002,0.0009858395740884873,0.6501070823684301,0,staged_v3,0.2817176571438969,2,0.911526159842451,0.28042400081795354,2,0,0,0
v3_pelvis_proxy:v3_left_hand_proxy,147,0.9999999999999999,0.39716791481769764,1.0,0.2738096809453121,0.8470003074082401,FLAT,0.0,-1,0.008730245815976308,0.044326961700694265,0.039510124709835136,SUPPORT,0.22760180416026526,0.0,0.0798139010646198,0.1884955592153876,1.0,0.03970408173452761,0,ok,0.25184313888360665,0.7073474661196915,FLAT,0.0,-1,0.021915354850758573,0.0482144713772618,0.02731957268225972,SUPPORT,0.3676467052645635,0.0,0.0991864174288454,2.500000000000002,0.001985839574088488,0.6520929219425186,0,staged_v3,0.16694940442345627,2,0.9159849077827376,0.1681873736639792,2,1,1,1
v3_torso_proxy:v3_left_forearm_proxy,148,0.9607426542123033,0.5971679148176978,0.969970703125,0.21245491140268694,0.8487248131375533,FLAT,0.0,1,0.007366207097288535,0.003541021288430744,0.058554650224922386,UNLOADING,0.1950872607087988,0.02438671122281538,0.02175313972624186,0.18283517010808958,0.969970703125,0.07817035035683381,0,ok,0.13485724132708646,0.7020739449807065,FLAT,0.0,1,0.02113289434423829,0.07998697929665502,0.05154388863124238,UNLOADING,0.31512574736962584,0.0,0.060187357103630115,2.500000000000002,0.002985839574088489,0.655078761516607,1,staged_v3,0.3218396877519731,2,0.9854531036985759,0.31092722871579326,2,0,1,1
v3_torso_proxy:v3_left_forearm_proxy,149,1.0,0.39716791481769764,1.0,0.1395289057553589,0.8481448976361463,FLAT,0.0,1,0.00623336970063334,0.004966994198602627,0.04365431493921331,UNLOADING,0.16721765370670905,0.02221572154835804,0.03631913324031615,0.1884955592153876,1.0,0.07817487243712547,0,ok,0.1023107220823291,0.6980479821773764,FLAT,0.0,1,0.02241562449275188,0.025020805949823303,0.03960164800626173,UNLOADING,0.2701741461912089,0.0019592764504897837,0.05625134057076291,-2.500000000000002,0.001985839574088488,0.6570646010906955,0,staged_v3,0.4092154899422698,2,0.9656728609990262,0.4092154899422698,2,1,0,0
v3_torso_proxy:v3_right_forearm_proxy,150,0.947777292705559,0.19716791481769746,0.9873554099849101,0.051327929998867504,0.8494870902403939,FLAT,0.0,-1,0.011537788713621875,0.008191783070395451,0.03127968349559546,UNLOADING,0.1433781999958567,0.018372201104384322,0.03799649959895403,0.18611211014944393,0.9873554099849101,0.06012295371974484,0,ok,0.022096698328735374,0.6948804580211021,FLAT,0.0,-1,0.017912214861482204,0.010693214139397913,0.028375820746808608,UNLOADING,0.23304312485433953,0.01572557689794252,0.031449640374530435,-2.500000000000002,0.0009858395740884873,0.658050440664784,0,staged_v3,0.26017675706240745,2,0.9058616694322694,0.24920729185795806,2,0,0,0
