frame_idx,event,side,value
0,collision_constraint_activation,,v3_pelvis_proxy:v3_left_hand_proxy
0,velocity_saturation,,1.0
1,velocity_saturation,,1.0
2,touchdown,left,FLAT
2,touchdown,right,FLAT
2,arm_branch_flip,right,-1
2,velocity_saturation,,0.9999999999999999
5,load_transition,left,UNLOADED->SUPPORT
5,load_transition,right,UNLOADED->SUPPORT
8,load_transition,left,SUPPORT->LOADING
8,load_transition,right,SUPPORT->LOADING
11,load_transition,left,LOADING->UNLOADING
12,load_transition,right,LOADING->SUPPORT
16,load_transition,right,SUPPORT->UNLOADING
18,liftoff,left,AIR
19,load_transition,right,UNLOADING->LOADING
20,velocity_saturation,,1.0000000000000002
21,arm_branch_flip,left,1
21,velocity_saturation,,1.0000000000000002
23,velocity_saturation,,1.0
24,touchdown,left,FLAT
24,load_transition,left,UNLOADING->LOADING
24,velocity_saturation,,0.9999999999999999
26,load_transition,right,LOADING->UNLOADING
26,velocity_saturation,,0.9999874941240218
34,liftoff,right,AIR
35,load_transition,left,LOADING->SUPPORT
35,velocity_saturation,,1.0
36,velocity_saturation,,1.0000000000000002
37,velocity_saturation,,1.0000000000000002
38,arm_branch_flip,left,-1
38,velocity_saturation,,1.0000000000000002
40,touchdown,right,FLAT
40,velocity_saturation,,1.0000000000000002
41,velocity_saturation,,1.0000000000000002
42,velocity_saturation,,1.0000000000000002
43,velocity_saturation,,1.0000000000000002
44,load_transition,right,UNLOADING->LOADING
44,velocity_saturation,,1.0000000000000002
48,load_transition,right,LOADING->UNLOADING
49,velocity_saturation,,0.9999999868545721
51,collision_constraint_activation,,v3_right_hand_proxy:v3_left_hand_proxy
52,velocity_saturation,,0.9999618028130424
53,load_transition,left,SUPPORT->UNLOADING
53,velocity_saturation,,1.0000000000000002
55,liftoff,right,AIR
56,load_transition,left,UNLOADING->SUPPORT
64,load_transition,left,SUPPORT->UNLOADING
65,touchdown,right,FLAT
65,load_transition,right,UNLOADING->LOADING
68,velocity_saturation,,1.0000000000000002
69,velocity_saturation,,1.0000000000000002
70,velocity_saturation,,1.0000000000000002
71,velocity_saturation,,1.0000000000000002
76,liftoff,left,AIR
79,velocity_saturation,,1.0000000000000002
80,velocity_saturation,,1.0000000000000002
81,velocity_saturation,,1.0000000000000002
82,velocity_saturation,,1.0
83,touchdown,left,FLAT
83,collision_constraint_activation,,v3_right_hand_proxy:v3_left_hand_proxy
86,load_transition,left,UNLOADING->LOADING
88,load_transition,right,LOADING->SUPPORT
89,load_transition,left,LOADING->UNLOADING
89,velocity_saturation,,0.9999999999999999
92,load_transition,right,SUPPORT->UNLOADING
95,liftoff,left,AIR
97,load_transition,right,UNLOADING->LOADING
97,velocity_saturation,,1.0000000000000002
103,touchdown,left,FLAT
103,load_transition,left,UNLOADING->LOADING
104,load_transition,right,LOADING->UNLOADING
105,velocity_saturation,,1.0000000000000002
106,velocity_saturation,,1.0000000000000002
112,liftoff,right,AIR
113,load_transition,left,LOADING->SUPPORT
117,touchdown,right,FLAT
117,velocity_saturation,,0.9999916149476369
119,velocity_saturation,,0.9999872300934062
121,load_transition,right,UNLOADING->LOADING
123,load_transition,left,SUPPORT->LOADING
123,velocity_saturation,,1.0000000000000002
124,collision_constraint_activation,,v3_right_hand_proxy:v3_left_hand_proxy
124,velocity_saturation,,1.0000000000000002
127,load_transition,left,LOADING->UNLOADING
127,load_transition,right,LOADING->UNLOADING
128,velocity_saturation,,1.0000000000000002
132,collision_constraint_activation,,v3_right_hand_proxy:v3_left_hand_proxy
133,velocity_saturation,,1.0000000000000002
134,liftoff,left,AIR
136,load_transition,right,UNLOADING->LOADING
142,touchdown,left,FLAT
142,load_transition,left,UNLOADING->LOADING
144,load_transition,right,LOADING->UNLOADING
146,velocity_saturation,,1.0
151,load_transition,left,LOADING->SUPPORT
152,liftoff,right,AIR
158,touchdown,right,FLAT
159,velocity_saturation,,1.0
161,collision_constraint_activation,,v3_right_hand_proxy:v3_left_hand_proxy
166,velocity_saturation,,1.0000000000000002
169,velocity_saturation,,1.0
170,liftoff,right,AIR
170,velocity_saturation,,1.0000000000000002
171,velocity_saturation,,0.9999950351332588
172,load_transition,left,SUPPORT->UNLOADING
173,velocity_saturation,,0.9999996111737878
174,velocity_saturation,,0.9999999131878489
175,load_transition,left,UNLOADING->SUPPORT
178,velocity_saturation,,1.0000000000000002
179,collision_constraint_activation,,v3_torso_proxy:v3_left_forearm_proxy
179,velocity_saturation,,1.0000000000000002
182,load_transition,right,UNLOADING->UNLOADED
182,velocity_saturation,,1.0000000000000002
183,touchdown,right,FLAT
186,load_transition,right,UNLOADED->LOADING
187,load_transition,left,SUPPORT->UNLOADING
189,velocity_saturation,,1.0000000000000002
190,load_transition,right,LOADING->SUPPORT
193,velocity_saturation,,1.0000000000000002
196,load_transition,left,UNLOADING->SUPPORT
197,load_transition,right,SUPPORT->UNLOADING
197,velocity_saturation,,1.0000000000000002
203,load_transition,right,UNLOADING->SUPPORT
204,load_transition,right,SUPPORT->UNLOADING
206,velocity_saturation,,1.0
207,velocity_saturation,,1.0
212,velocity_saturation,,1.0
216,velocity_saturation,,1.0
217,velocity_saturation,,1.0
218,load_transition,right,UNLOADING->SUPPORT
218,velocity_saturation,,1.0
219,load_transition,left,SUPPORT->UNLOADING
220,velocity_saturation,,0.9999892093427775
224,load_transition,left,UNLOADING->SUPPORT
225,load_transition,left,SUPPORT->UNLOADING
225,load_transition,right,SUPPORT->UNLOADING
228,load_transition,left,UNLOADING->SUPPORT
228,load_transition,right,UNLOADING->SUPPORT
228,velocity_saturation,,0.9999991429130439
229,velocity_saturation,,1.0
230,load_transition,left,SUPPORT->UNLOADING
230,load_transition,right,SUPPORT->UNLOADING
230,qp_infeasible,,Stage B: NoSolutionFound: QP solver proxqp failed to find a solution.
