smplx	amass/KIT/KIT/9/walking_run03_stageii.npz
smpl	diverse_actions_8h_v3/walk_ff_stop_360_R_very_fast_002__A450.npz
smpl	diverse_actions_8h_v3/itching_left_buttock_002__A039.npz
smpl	diverse_actions_8h_v3/wiping_shoes_R_001__A098.npz
smplx	amass/KIT/KIT/948/Wipe_Leg_Small_Circle_01_stageii.npz
smplx	amass/SSM/SSM/20160330_03333/knees_stageii.npz
smplx	amass/HDM05/HDM05/dg/HDM_dg_03-01_01_120_stageii.npz
smplx	amass/CMU/CMU/102/102_23_stageii.npz
smplx	amass/WEIZMANN/WEIZMANN/67/Slow_SShapeLR(3)_stageii.npz
smplx	amass/BMLrub/BMLrub/rub092/0008_normal_walk4_stageii.npz
smplx	amass/BMLrub/BMLrub/rub050/neutral_stagei.npz
smplx	amass/CMU/CMU/36/36_10_stageii.npz
smplx	amass/BMLrub/BMLrub/rub043/0021_throwing_hard1_stageii.npz
smplx	amass/CMU/CMU/77/77_08_stageii.npz
smplx	amass/CMU/CMU/32/32_05_stageii.npz
smplx	amass/WEIZMANN/WEIZMANN/67/Normal_Free(2)_stageii.npz
smplx	amass/KIT/KIT/379/push_recovery_left08_stageii.npz
smplx	amass/KIT/KIT/513/downstairs07_stageii.npz
smplx	amass/WEIZMANN/WEIZMANN/68/Slow_SShapeLR(13)_stageii.npz
smplx	amass/BMLrub/BMLrub/rub086/0003_treadmill_jog_stageii.npz
smpl	diverse_actions_8h_v3/change_idle_to_idle_left_001__A029.npz
smpl	diverse_actions_8h_v3/painful_stand_on_stop_walk_ff_360_R_001__A461.npz
smplx	amass/HDM05/HDM05/mm/HDM_mm_04-01_02_120_stageii.npz
smpl	diverse_actions_8h_v3/jog_ff_start_225_001__A064_M.npz
smplx	amass/CMU/CMU/75/75_06_stageii.npz
smplx	amass/EKUT/EKUT/265/SS1D102_stageii.npz
smplx	amass/KIT/KIT/424/walking_slow01_stageii.npz
smplx	amass/BMLmovi/BMLmovi/Subject_90_F_MoSh/Subject_90_F_5_stageii.npz
smpl	diverse_actions_8h_v3/baby_full_diaper_turn_walk_ff_360_start_R_001__A461.npz
smplx	amass/WEIZMANN/WEIZMANN/69/Normal_StraightLong(45)_stageii.npz
smplx	amass/BMLrub/BMLrub/rub084/neutral_stagei.npz
smpl	diverse_actions_8h_v3/walk_ff_stop_270_R_002__A267.npz
smpl	diverse_actions_8h_v3/wiping_nose_R_001__A502.npz
smpl	diverse_actions_8h_v3/jog_forward_start_003__A021.npz
smpl	diverse_actions_8h_v3/walk_arc_cw_stop_R_slow_002__A444.npz
smplx	amass/EKUT/EKUT/265/SLP204_stageii.npz
smpl	diverse_actions_8h_v3/jog_ff_start_270_R_003__A236.npz
smplx	amass/CMU/CMU/64/64_30_stageii.npz
smpl	diverse_actions_8h_v3/step_rotate_idle_135_003__A028.npz
smplx	amass/WEIZMANN/WEIZMANN/68/Normal_StraightLong(22)_stageii.npz
smplx	amass/BMLmovi/BMLmovi/Subject_62_F_MoSh/Subject_62_F_3_stageii.npz
smplx	amass/BMLmovi/BMLmovi/Subject_75_F_MoSh/Subject_75_F_1_stageii.npz
smplx	amass/WEIZMANN/WEIZMANN/70/Normal_SShapeLR(17)_1_stageii.npz
smplx	amass/BMLmovi/BMLmovi/Subject_16_F_MoSh/Subject_16_F_20_stageii.npz
smplx	amass/BMLmovi/BMLmovi/Subject_25_F_MoSh/Subject_25_F_4_stageii.npz
smplx	amass/WEIZMANN/WEIZMANN/67/Slow_SShapeRL(22)_stageii.npz
smpl	diverse_actions_8h_v3/walk_arc_cw_loop_R_wave_right_hand_270_R_turn_walk_270_R_003__A494.npz
smplx	amass/HDM05/HDM05/mm/HDM_mm_03-02_01_120_stageii.npz
smplx	amass/EKUT/EKUT/234/WSTR04_stageii.npz
smplx	amass/EyesJapanDataset/Eyes_Japan_Dataset/kaiwa/turn-02-look_around-kaiwa_stageii.npz
smplx	amass/BMLrub/BMLrub/rub101/0030_rom_stageii.npz
smplx	amass/BMLrub/BMLrub/rub086/0010_normal_jog2_stageii.npz
smplx	amass/KIT/KIT/424/walking_medium06_stageii.npz
smplx	amass/CMU/CMU/141/141_24_stageii.npz
smplx	amass/BMLrub/BMLrub/rub012/0021_catching_and_throwing_stageii.npz
smplx	amass/BMLrub/BMLrub/rub058/0029_jumping2_stageii.npz
smplx	amass/LARa_smplx_neutral/LARa/OMoCap_data_raw___c3d/Subject1/L01_S01_R25.raw_stageii.npz
smplx	amass/KIT/KIT/183/turn_left03_stageii.npz
smplx	amass/BMLrub/BMLrub/rub083/0030_scamper_stageii.npz
smpl	diverse_actions_8h_v3/baby_full_diaper_jog_ff_180_stop_R_002__A461_M.npz
smpl	diverse_actions_8h_v3/walk_sideway_090_stop_001__A022.npz
smplx	amass/KIT/KIT/441/synchron04_stageii.npz
smpl	diverse_actions_8h_v3/walk_ff_start_315_003__A063_M.npz
smplx	amass/CMU/CMU/35/35_18_stageii.npz
smplx	amass/BMLmovi/BMLmovi/Subject_60_F_MoSh/Subject_60_F_21_stageii.npz
smplx	amass/WEIZMANN/WEIZMANN/70/Slow_Fig8(1)_stageii.npz
smplx	amass/CMU/CMU/24/24_01_stageii.npz
smpl	diverse_actions_8h_v3/exercise_V002_004__A271_M.npz
smpl	diverse_actions_8h_v3/jog_avoid_bump_270_R_003__A242.npz
smplx	amass/WEIZMANN/WEIZMANN/67/Fast_StraightLong(7)_stageii.npz
smpl	diverse_actions_8h_v3/jump_to_see_003__A413_M.npz
smplx	amass/KIT/KIT/1747/displace_tilt_side_12_stageii.npz
smpl	diverse_actions_8h_v3/jog_ff_start_360_R_002__A236.npz
smplx	amass/EKUT/EKUT/234/Tpose_stageii.npz
smplx	amass/BMLmovi/BMLmovi/Subject_5_F_MoSh/Subject_5_F_7_stageii.npz
smplx	amass/BMLmovi/BMLmovi/Subject_76_F_MoSh/Subject_76_F_9_stageii.npz
smplx	amass/LARa_smplx_neutral/LARa/OMoCap_data_raw___c3d/Subject1/L01_S01_R06.raw_stageii.npz
smplx	amass/GRAB/GRAB/s10/toothpaste_squeeze_1_stageii.npz
smplx	amass/SOMA/SOMA/soma_subject1/lift_001_stageii.npz
smplx	amass/KIT/KIT/9/WalkingStraightForwards07_stageii.npz
smplx	amass/CMU/CMU/02/02_04_stageii.npz
smpl	diverse_actions_8h_v3/itching_neck_R_001__A270_M.npz
smplx	amass/CMU/CMU/77/77_12_stageii.npz
smplx	amass/BMLrub/BMLrub/rub010/0022_throwing_hard2_stageii.npz
smpl	diverse_actions_8h_v3/neutral_idle_turn_360_002__A076.npz
smpl	diverse_actions_8h_v3/dance_vouge_whipe_head_side_180_R_fast_002__A317.npz
smplx	amass/GRAB/GRAB/s8/waterbottle_pass_1_stageii.npz
smplx	amass/WEIZMANN/WEIZMANN/67/Normal_SShapeLR(3)_stageii.npz
smplx	amass/WEIZMANN/WEIZMANN/66/Mixed_FastSlow(15)_stageii.npz
smplx	amass/EyesJapanDataset/Eyes_Japan_Dataset/kaiwa/gesture_etc-30-fxxk-kaiwa_stageii.npz
smplx	amass/CMU/CMU/122/122_42_stageii.npz
smplx	amass/BMLrub/BMLrub/rub038/neutral_stagei.npz
smplx	amass/EyesJapanDataset/Eyes_Japan_Dataset/hamada/accident-01-dodge-hamada_stageii.npz
smplx	amass/EyesJapanDataset/Eyes_Japan_Dataset/shiono/sitdown_standup-11-one_knee_drawn_up-shiono_stageii.npz
smplx	amass/KIT/KIT/572/guitar_left14_stageii.npz
smplx	amass/ACCAD/ACCAD/Female1Running_c3d/C8_-__run_backwards_to_stand_stageii.npz
smplx	amass/BMLmovi/BMLmovi/Subject_62_F_MoSh/Subject_62_F_6_stageii.npz
smplx	amass/KIT/KIT/572/punch_right05_stageii.npz
smplx	amass/KIT/KIT/1717/displace_from_left_to_right_31_stageii.npz
smplx	amass/CMU/CMU/83/83_65_stageii.npz
